,id,dishes_name,dish,T/F
0,988,麻辣小龙虾,凉拌菠菜,True
1,988,香菇鹌鹑蛋,香酥两吃大虾,False
2,988,凉拌菠菜,辣炒鱿鱼,False
3,988,哈尔滨啤酒罐装,蓝带啤酒罐装,False
4,1097,芝士烩波士顿龙虾,焖猪手,True
5,1097,清蒸海鱼,谷稻小庄,True
6,1097,百里香奶油烤t酒牛肉,蛋挞,True
7,1097,辣炒鱿鱼,凉拌菠菜,True
8,1097,爆炒猪肝,凉拌菠菜,True
9,1097,啤酒鸭,香酥两吃大虾,True
10,1097,干锅田鸡,爆炒猪肝,True
11,1097,番茄蛋汤,五色糯米饭(七色),False
12,1097,黄花菜炒木耳,麻辣小龙虾,False
13,1097,西瓜胡萝卜沙拉,五色糯米饭(七色),False
14,1097,凉拌萝卜丝,西瓜胡萝卜沙拉,True
15,1097,38度剑南春,爆炒双丝,False
16,1097,蓝带啤酒罐装,哈尔滨啤酒罐装,True
17,1097,老式面包,干锅田鸡,True
18,1097,一品香酥藕,谷稻小庄,True
19,1097,牛奶卷,爆炒双丝,False
20,1097,葡萄奶酥(超酥香的饼干),五色糯米饭(七色),False
21,988,党参黄芪炖牛尾,香酥两吃大虾,False
22,988,三色凉拌手撕兔,麻辣小龙虾,True
23,988,白斩鸡,谷稻小庄,False
24,988,爆炒鸡翅,凉拌菠菜,True
25,988,清炒菊花菜,五色糯米饭(七色),False
26,988,培根花菜,五色糯米饭(七色),False
27,988,北冰洋汽水,爆炒双丝,False
28,988,老式面包,干锅田鸡,False
29,1463,油焖麻辣虾,五色糯米饭(七色),False
30,1463,蒜香辣花甲,凉拌菠菜,False
31,1463,蒜蓉生蚝,番茄炖牛腩,False
32,1463,番茄有机花菜,水煮鱼,False
33,1463,谷稻小庄,凉拌菠菜,False
34,1463,冰糖红豆薏米粥,辣炒鱿鱼,False
35,1480,香酥两吃大虾,凉拌菠菜,False
36,1480,蒙古烤羊腿,凉拌菠菜,False
37,1480,爆炒鸡翅,凉拌菠菜,False
38,1480,肉丁茄子,谷稻小庄,False
39,1480,番茄有机花菜,水煮鱼,False
40,1480,酸辣汤面,清蒸海鱼,False
41,1480,山药养生粥,凉拌菠菜,False
42,1480,广式虾仁肠粉,冰糖红豆薏米粥,False
43,1480,啤酒鸭,香酥两吃大虾,True
44,1480,意文柠檬汁,水煮鱼,False
45,1252,凉拌海带豆芽紫菜,青炒扁豆,False
46,1252,泡椒凤爪,谷稻小庄,False
47,1252,桂圆枸杞鸽子汤,凉拌菠菜,True
48,1252,水煮鱼,辣炒鱿鱼,False
49,1252,三色凉拌手撕兔,麻辣小龙虾,False
50,1252,辣炒田螺,金玉良缘,True
51,1252,蒜香辣花甲,凉拌菠菜,True
52,1252,香烤牛排,西瓜胡萝卜沙拉,False
53,1252,焖猪手,凉拌菠菜,True
54,1252,番茄有机花菜,水煮鱼,True
55,1252,凉拌菠菜,辣炒鱿鱼,False
56,1252,金玉良缘,谷稻小庄,False
57,1252,黄尾袋鼠西拉子红葡萄酒,蒜香辣花甲,True
58,1252,张裕葡萄酒张裕赤霞珠干红,麻辣小龙虾,False
59,1545,姜葱炒花蟹,谷稻小庄,False
60,1545,海带结豆腐汤,紫薯面包卷,False
61,1545,三丝鳝鱼,焖猪手,False
62,1545,香烤牛排,西瓜胡萝卜沙拉,False
63,1545,玉竹南北杏鸭腿汤,蒜香辣花甲,False
64,1545,啤酒鸭,香酥两吃大虾,False
65,1545,香菇鹌鹑蛋,香酥两吃大虾,False
66,1545,拌土豆丝,凉拌菠菜,False
67,1545,糖醋蕃茄溜青花,五色糯米饭(七色),False
68,1545,黄油曲奇饼干,水煮鱼,True
69,1545,小米南瓜粥,凉拌菠菜,False
70,1545,皮蛋瘦肉粥,意文柠檬汁,True
71,1250,花蛤蒸蛋,五色糯米饭(七色),False
72,1250,培根紫菜卷,麻辣小龙虾,False
73,1250,鲜美鳝鱼,鱼香肉丝拌面,False
74,1250,番茄炖牛腩,五色糯米饭(七色),False
75,1250,糖醋蕃茄溜青花,五色糯米饭(七色),False
76,1250,谷稻小庄,凉拌菠菜,False
77,982,剁椒鱼头,凉拌菠菜,False
78,982,小炒羊腰,谷稻小庄,True
79,982,拌土豆丝,凉拌菠菜,False
80,982,桂圆枸杞鸽子汤,凉拌菠菜,False
81,982,番茄有机花菜,水煮鱼,False
82,1018,芝士烩波士顿龙虾,焖猪手,False
83,1018,香烤牛排,西瓜胡萝卜沙拉,True
84,1018,香酥两吃大虾,凉拌菠菜,False
85,1018,红酒炖羊肉,凉拌菠菜,False
86,1018,凉拌萝卜丝,西瓜胡萝卜沙拉,True
87,1018,番茄甘蓝,谷稻小庄,True
88,1018,番茄炖秋葵,白斩鸡,False
89,1018,南瓜枸杞小饼干,麻辣小龙虾,True
90,1018,大蒜苋菜,美妙绝伦之白莲花,True
91,1018,紫薯面包卷,五色糯米饭(七色),True
92,1018,纸杯蛋糕,西瓜胡萝卜沙拉,True
93,1018,哈尔滨啤酒罐装,蓝带啤酒罐装,False
94,1007,西瓜胡萝卜沙拉,五色糯米饭(七色),False
95,1007,拌土豆丝,凉拌菠菜,False
96,1007,金玉良缘,谷稻小庄,False
97,1007,香菇鹌鹑蛋,香酥两吃大虾,False
98,1007,香烤牛排,西瓜胡萝卜沙拉,True
99,1007,番茄炖牛腩,五色糯米饭(七色),False
100,1007,52度泸州老窖,焖猪手,False
101,1007,黄油曲奇饼干,水煮鱼,False
102,1007,党参黄芪炖牛尾,香酥两吃大虾,False
103,1007,蛋挞,凉拌菠菜,False
104,1007,一品香酥藕,谷稻小庄,False
105,1007,皮蛋瘦肉粥,意文柠檬汁,False
106,1007,冰糖红豆薏米粥,辣炒鱿鱼,False
107,997,油焖麻辣虾,五色糯米饭(七色),False
108,997,姜葱炒花蟹,谷稻小庄,False
109,997,麻辣小龙虾,凉拌菠菜,True
110,997,青炒扁豆,爆炒鸡翅,False
111,997,北冰洋汽水,爆炒双丝,False
112,997,葡萄奶酥(超酥香的饼干),五色糯米饭(七色),False
113,997,香酥两吃大虾,凉拌菠菜,True
114,997,水煮鱼,辣炒鱿鱼,False
115,997,蒜香辣花甲,凉拌菠菜,True
116,997,五香酱驴肉,木须豌豆,False
117,997,凉拌菠菜,辣炒鱿鱼,False
118,997,哈尔滨啤酒罐装,蓝带啤酒罐装,False
119,997,美妙绝伦之白莲花,自制猪肉脯,False
120,997,蒜香包,番茄炖牛腩,False
121,1521,香酥两吃大虾,凉拌菠菜,False
122,1521,清蒸蝶鱼,五色糯米饭(七色),True
123,1521,重庆特色油烧兔,芝士烩波士顿龙虾,False
124,1521,鲜美鳝鱼,鱼香肉丝拌面,False
125,1521,剁椒鱼头,凉拌菠菜,False
126,1521,玉竹南北杏鸭腿汤,蒜香辣花甲,False
127,1521,杭椒鸡珍,水煮鱼,False
128,1521,黄花菜炒木耳,麻辣小龙虾,False
129,1521,美妙绝伦之白莲花,自制猪肉脯,False
130,1521,黑米恋上葡萄,凉拌菠菜,False
131,1521,西瓜胡萝卜沙拉,五色糯米饭(七色),True
132,1521,52度泸州老窖,焖猪手,False
133,1521,五色糯米饭(七色),凉拌菠菜,False
134,982,蛋挞,凉拌菠菜,False
135,982,西瓜胡萝卜沙拉,五色糯米饭(七色),False
136,982,蒜香辣花甲,凉拌菠菜,False
137,982,小米南瓜粥,凉拌菠菜,False
138,1095,白斩鸡,谷稻小庄,True
139,1095,香烤牛排,西瓜胡萝卜沙拉,False
140,1095,干锅田鸡,爆炒猪肝,False
141,1095,桂圆枸杞鸽子汤,凉拌菠菜,False
142,1095,番茄有机花菜,水煮鱼,False
143,1468,番茄蛋汤,五色糯米饭(七色),False
144,1468,拌土豆丝,凉拌菠菜,True
145,1468,麻辣小龙虾,凉拌菠菜,True
146,1468,哈尔滨啤酒罐装,蓝带啤酒罐装,False
147,1468,凉拌菠菜,辣炒鱿鱼,False
148,1007,倒立蒸梭子蟹,芝士烩波士顿龙虾,False
149,1007,牛尾汤,谷稻小庄,False
150,1007,孜然羊排,凉拌菠菜,False
151,1007,照烧鸡腿,谷稻小庄,False
152,1007,辣炒海带丝,黄花菜炒木耳,False
153,1007,香菇鹌鹑蛋,香酥两吃大虾,False
154,1007,凉拌萝卜丝,西瓜胡萝卜沙拉,True
155,1007,老式面包,干锅田鸡,False
156,1007,培根花菜,五色糯米饭(七色),False
157,982,拌土豆丝,凉拌菠菜,False
158,982,焖猪手,凉拌菠菜,False
159,982,番茄炖牛腩,五色糯米饭(七色),False
160,982,培根花菜,五色糯米饭(七色),False
161,982,谷稻小庄,凉拌菠菜,False
162,1319,番茄炖牛腩,五色糯米饭(七色),False
163,1319,金玉良缘,谷稻小庄,False
164,1319,照烧鸡腿,谷稻小庄,False
165,1319,拌土豆丝,凉拌菠菜,False
166,1587,麻辣小龙虾,凉拌菠菜,False
167,1587,蒜香辣花甲,凉拌菠菜,False
168,1587,百里香奶油烤红酒牛肉,爆炒猪肝,False
169,1587,凉拌蒜蓉西兰花,五色糯米饭(七色),False
170,1587,黄尾袋鼠西拉子红葡萄酒,蒜香辣花甲,True
171,1587,葡萄奶酥(超酥香的饼干),五色糯米饭(七色),False
172,1587,桂圆枸杞鸽子汤,凉拌菠菜,False
173,1587,美妙绝伦之白莲花,自制猪肉脯,False
174,1587,葱油凉拌藕片,五色糯米饭(七色),False
175,1587,培根紫菜卷,麻辣小龙虾,True
176,1587,香辣爆羊肝,五色糯米饭(七色),False
177,1587,意文柠檬汁,水煮鱼,False
178,1587,干锅田鸡,爆炒猪肝,False
179,1587,培根花菜,五色糯米饭(七色),False
180,1243,牛尾汤,谷稻小庄,True
181,1243,独家薄荷鲜虾牛肉卷,谷稻小庄,True
182,1243,香菇鹌鹑蛋,香酥两吃大虾,False
183,1243,西瓜胡萝卜沙拉,五色糯米饭(七色),True
184,1243,谷稻小庄,凉拌菠菜,False
185,1243,黄油曲奇饼干,水煮鱼,False
186,1243,五色糯米饭(七色),凉拌菠菜,False
187,1095,芝士烩波士顿龙虾,焖猪手,False
188,1095,蒙古烤羊腿,凉拌菠菜,False
189,1095,姜葱炒花蟹,谷稻小庄,True
190,1095,白胡椒胡萝卜羊肉汤,凉拌菠菜,False
191,1095,葱油凉拌藕片,五色糯米饭(七色),True
192,1095,张裕葡萄酒张裕赤霞珠干红,麻辣小龙虾,True
193,1095,蛋挞,凉拌菠菜,False
194,1095,麻辣小龙虾,凉拌菠菜,False
195,1095,番茄炖牛腩,五色糯米饭(七色),True
196,1095,谷稻小庄,凉拌菠菜,False
197,1523,油焖麻辣虾,五色糯米饭(七色),False
198,1523,番茄炖牛腩,五色糯米饭(七色),False
199,1523,拌土豆丝,凉拌菠菜,False
200,1523,木须豌豆,五香酱驴肉,False
201,1523,鲜美鳝鱼,鱼香肉丝拌面,False
202,1608,芝士烩波士顿龙虾,焖猪手,False
203,1608,倒立蒸梭子蟹,芝士烩波士顿龙虾,True
204,1608,麻辣小龙虾,凉拌菠菜,False
205,1608,清蒸海鱼,谷稻小庄,False
206,1608,辣炒花蛤,农夫山泉NFC果汁100%橙汁,False
207,1608,辣炒海带丝,黄花菜炒木耳,False
208,1608,百里香奶油烤红酒牛肉,爆炒猪肝,False
209,1608,红酒炖羊肉,凉拌菠菜,False
210,1608,葱油凉拌藕片,五色糯米饭(七色),True
211,1608,大蒜苋菜,美妙绝伦之白莲花,False
212,1608,牛奶卷,爆炒双丝,False
213,1608,50度古井贡酒,冬瓜炒苦瓜,False
214,1608,桂圆肉红豆八宝饭,芝士烩波士顿龙虾,True
215,1608,黄尾袋鼠西拉子红葡萄酒,蒜香辣花甲,False
216,1608,五色糯米饭(七色),凉拌菠菜,False
217,1349,水煮鱼,辣炒鱿鱼,False
218,1349,蒜蓉生蚝,番茄炖牛腩,False
219,1349,香辣爆羊肝,五色糯米饭(七色),False
220,1349,西瓜胡萝卜沙拉,五色糯米饭(七色),False
221,1349,金玉良缘,谷稻小庄,False
222,1349,爆炒双丝,西瓜胡萝卜沙拉,True
223,1349,黄尾袋鼠西拉子红葡萄酒,蒜香辣花甲,False
224,1465,鲜美鳝鱼,鱼香肉丝拌面,False
225,1465,芝麻烤紫菜,蛋挞,False
226,1465,白胡椒胡萝卜羊肉汤,凉拌菠菜,False
227,1465,小炒羊腰,谷稻小庄,True
228,1465,美妙绝伦之白莲花,自制猪肉脯,False
229,1465,清炒菊花菜,五色糯米饭(七色),False
230,1465,谷稻小庄,凉拌菠菜,False
231,1465,老式面包,干锅田鸡,False
232,1465,清蒸蝶鱼,五色糯米饭(七色),False
233,1465,番茄甘蓝,谷稻小庄,True
234,1465,西瓜胡萝卜沙拉,五色糯米饭(七色),False
235,1465,小米南瓜粥,凉拌菠菜,False
236,1109,爆炒鳝碌,番茄炖牛腩,False
237,1109,红酒炖羊肉,凉拌菠菜,True
238,1109,葱姜炒蟹,芝士烩波士顿龙虾,True
239,1109,青岛啤酒罐装,辣炒花蛤,False
240,1109,水煮鱼,辣炒鱿鱼,True
241,1109,特醇嘉士伯啤酒罐装,青岛啤酒罐装,True
242,1109,百威啤酒罐装,哈尔滨啤酒罐装,False
243,1109,辣炒鱿鱼,凉拌菠菜,True
244,1109,培根花菜,五色糯米饭(七色),True
245,1109,番茄甘蓝,谷稻小庄,False
246,1462,剁椒鱼头,凉拌菠菜,False
247,1462,蒜蓉生蚝,番茄炖牛腩,False
248,1462,拌土豆丝,凉拌菠菜,False
249,1462,一品香酥藕,谷稻小庄,False
250,1462,意文柠檬汁,水煮鱼,False
251,1102,芝士烩波士顿龙虾,焖猪手,True
252,1102,辣炒鱿鱼,凉拌菠菜,True
253,1102,焖猪手,凉拌菠菜,True
254,1102,剁椒鱼头,凉拌菠菜,True
255,1102,凉拌菠菜,辣炒鱿鱼,True
256,1102,芹菜炒腰花,自制猪肉脯,True
257,1102,香烤牛排,西瓜胡萝卜沙拉,True
258,1102,香酥两吃大虾,凉拌菠菜,True
259,1102,党参黄芪炖牛尾,香酥两吃大虾,True
260,1102,自制猪肉脯,芹菜炒腰花,True
261,1102,美妙绝伦之白莲花,自制猪肉脯,True
262,1102,炝炒大白菜,凉拌菠菜,True
263,1102,南瓜枸杞小饼干,麻辣小龙虾,True
264,1018,麻辣小龙虾,凉拌菠菜,False
265,1018,番茄炖牛腩,五色糯米饭(七色),True
266,1018,油焖麻辣虾,五色糯米饭(七色),True
267,1018,番茄甘蓝,谷稻小庄,True
268,1018,葱油凉拌藕片,五色糯米饭(七色),True
269,1018,香烤牛排,西瓜胡萝卜沙拉,True
270,1104,芝麻烤紫菜,蛋挞,True
271,1104,葱姜炒蟹,芝士烩波士顿龙虾,True
272,1104,凉拌蒜蓉西兰花,五色糯米饭(七色),True
273,1104,一品香酥藕,谷稻小庄,True
274,1104,白胡椒胡萝卜羊肉汤,凉拌菠菜,False
275,1104,干锅田鸡,爆炒猪肝,False
276,1104,百威啤酒罐装,哈尔滨啤酒罐装,False
277,1104,冬瓜炒苦瓜,黄花菜炒木耳,False
278,1104,超人气广式肠粉,桂圆肉红豆八宝饭,False
279,1104,五香酱驴肉,木须豌豆,False
280,1104,糖醋蕃茄溜青花,五色糯米饭(七色),True
281,1104,蛋挞,凉拌菠菜,False
282,1104,山药养生粥,凉拌菠菜,False
283,1104,小米南瓜粥,凉拌菠菜,False
284,1104,五色糯米饭(七色),凉拌菠菜,False
285,1104,麻辣小龙虾,凉拌菠菜,False
286,1202,姜葱炒花蟹,谷稻小庄,False
287,1202,香菇鹌鹑蛋,香酥两吃大虾,True
288,1202,油焖麻辣虾,五色糯米饭(七色),True
289,1202,牛尾汤,谷稻小庄,False
290,1202,水煮鱼,辣炒鱿鱼,False
291,1202,五色糯米饭(七色),凉拌菠菜,False
292,1202,独家薄荷鲜虾牛肉卷,谷稻小庄,False
293,1202,麻辣小龙虾,凉拌菠菜,False
294,1202,53度茅台,葱姜炒蟹,False
295,1202,番茄炖秋葵,白斩鸡,False
296,1202,照烧鸡腿,谷稻小庄,False
297,1202,泡椒凤爪,谷稻小庄,False
298,1202,杭椒鸡珍,水煮鱼,True
299,1013,焖猪手,凉拌菠菜,True
300,1013,香酥两吃大虾,凉拌菠菜,True
301,1013,白胡椒胡萝卜羊肉汤,凉拌菠菜,True
302,1013,爆炒猪肝,凉拌菠菜,True
303,1013,干锅田鸡,爆炒猪肝,True
304,1013,快炒黄鳝,蛋挞,False
305,1013,五香酱驴肉,木须豌豆,False
306,1013,凉拌菠菜,辣炒鱿鱼,False
307,1013,五色糯米饭(七色),凉拌菠菜,True
308,1013,黄油曲奇饼干,水煮鱼,False
309,1013,42度海之蓝,香酥两吃大虾,True
310,1013,大蒜苋菜,美妙绝伦之白莲花,False
311,1338,芝士烩波士顿龙虾,焖猪手,False
312,1338,倒立蒸梭子蟹,芝士烩波士顿龙虾,True
313,1338,冰镇花螺,爆炒鸡翅,False
314,1338,快炒黄鳝,蛋挞,False
315,1338,爆炒双丝,西瓜胡萝卜沙拉,False
316,1338,泡椒凤爪,谷稻小庄,False
317,1338,白胡椒胡萝卜羊肉汤,凉拌菠菜,False
318,1338,肉丁茄子,谷稻小庄,False
319,1338,长城窖酿解百纳红酒干红葡萄酒,番茄炖秋葵,False
320,1338,清炒菊花菜,五色糯米饭(七色),True
321,1338,不加一滴油的酸奶蛋糕,香菇鹌鹑蛋,False
322,1338,五色糯米饭(七色),凉拌菠菜,False
323,1158,姜葱炒花蟹,谷稻小庄,False
324,1158,豌豆薯仔猪骨汤,焖猪手,False
325,1158,自制猪肉脯,芹菜炒腰花,True
326,1158,芹菜炒腰花,自制猪肉脯,True
327,1158,凉拌蒜蓉西兰花,五色糯米饭(七色),False
328,1158,凉拌菠菜,辣炒鱿鱼,True
329,1158,芹黄鳝丝,桂圆肉红豆八宝饭,False
330,1158,桂圆枸杞鸽子汤,凉拌菠菜,True
331,1158,黑米恋上葡萄,凉拌菠菜,True
332,1158,照烧鸡腿,谷稻小庄,False
333,1158,辣炒鱿鱼,凉拌菠菜,True
334,1158,广式虾仁肠粉,冰糖红豆薏米粥,False
335,1158,蛋挞,凉拌菠菜,True
336,1158,黄尾袋鼠西拉子红葡萄酒,蒜香辣花甲,False
337,1158,意文柠檬汁,水煮鱼,False
338,1128,青岛啤酒罐装,辣炒花蛤,False
339,1128,蒜香辣花甲,凉拌菠菜,True
340,1128,爆炒鳝碌,番茄炖牛腩,False
341,1128,酸辣藕丁,凉拌菠菜,True
342,1128,培根花菜,五色糯米饭(七色),True
343,1128,培根紫菜卷,麻辣小龙虾,False
344,1128,法国波尔多AOC干红葡萄酒原,凉拌蒜蓉西兰花,False
345,1128,独家薄荷鲜虾牛肉卷,谷稻小庄,True
346,1128,金玉良缘,谷稻小庄,True
347,1128,五色糯米饭(七色),凉拌菠菜,True
348,1163,麻辣小龙虾,凉拌菠菜,True
349,1163,培根紫菜卷,麻辣小龙虾,True
350,1163,剁椒鱼头,凉拌菠菜,True
351,1163,一品香酥藕,谷稻小庄,True
352,1163,重庆特色油烧兔,芝士烩波士顿龙虾,True
353,1163,葱油凉拌藕片,五色糯米饭(七色),False
354,1163,香菇鸡肉粥,拌土豆丝,False
355,1163,意文柠檬汁,水煮鱼,True
356,1161,麻辣小龙虾,凉拌菠菜,True
357,1161,小米南瓜粥,凉拌菠菜,True
358,1161,美妙绝伦之白莲花,自制猪肉脯,False
359,1177,炝炒大白菜,凉拌菠菜,True
360,1177,爆炒猪肝,凉拌菠菜,True
361,1177,凉拌蒜蓉西兰花,五色糯米饭(七色),True
362,1177,北冰洋汽水,爆炒双丝,False
363,1163,海带结豆腐汤,紫薯面包卷,False
364,1163,蒙古烤羊腿,凉拌菠菜,True
365,1163,香酥两吃大虾,凉拌菠菜,True
366,1163,爆炒双丝,西瓜胡萝卜沙拉,True
367,1163,谷稻小庄,凉拌菠菜,True
368,1163,凉拌菠菜,辣炒鱿鱼,True
369,1418,冰糖红豆薏米粥,辣炒鱿鱼,False
370,1418,冰镇花螺,爆炒鸡翅,False
371,1418,焖猪手,凉拌菠菜,True
372,1418,水煮鱼,辣炒鱿鱼,False
373,1418,大蒜苋菜,美妙绝伦之白莲花,False
374,1418,蒙古烤羊腿,凉拌菠菜,True
375,1418,凉拌菠菜,辣炒鱿鱼,False
376,1418,孜然羊排,凉拌菠菜,True
377,1418,香酥两吃大虾,凉拌菠菜,True
378,1316,麻辣小龙虾,凉拌菠菜,False
379,1316,芝士烩波士顿龙虾,焖猪手,False
380,1316,凉拌蒜蓉西兰花,五色糯米饭(七色),False
381,1316,豌豆薯仔猪骨汤,焖猪手,False
382,1018,姜葱炒花蟹,谷稻小庄,True
383,1018,水煮鱼,辣炒鱿鱼,True
384,1018,蒙古烤羊腿,凉拌菠菜,False
385,1018,凉拌萝卜丝,西瓜胡萝卜沙拉,True
386,1018,酸辣藕丁,凉拌菠菜,False
387,1018,谷稻小庄,凉拌菠菜,False
388,1018,老式面包,干锅田鸡,False
389,1018,五色糯米饭(七色),凉拌菠菜,False
390,1018,香辣爆羊肝,五色糯米饭(七色),True
391,1018,培根紫菜卷,麻辣小龙虾,True
392,1018,快炒黄鳝,蛋挞,False
393,1018,肉丁茄子,谷稻小庄,True
394,1018,清炒菊花菜,五色糯米饭(七色),True
395,1163,芝士烩波士顿龙虾,焖猪手,False
396,1163,辣炒鱿鱼,凉拌菠菜,True
397,1163,剁椒鱼头,凉拌菠菜,True
398,1163,辣炒海带丝,黄花菜炒木耳,False
399,1163,孜然羊排,凉拌菠菜,True
400,1163,凉拌菠菜,辣炒鱿鱼,True
401,1163,葱油凉拌藕片,五色糯米饭(七色),False
402,1163,重庆特色油烧兔,芝士烩波士顿龙虾,True
403,1163,北冰洋汽水,爆炒双丝,True
404,1163,哈尔滨啤酒罐装,蓝带啤酒罐装,False
405,1163,美妙绝伦之白莲花,自制猪肉脯,False
406,1163,蒙古烤羊腿,凉拌菠菜,True
407,1163,西瓜胡萝卜沙拉,五色糯米饭(七色),False
408,1163,香辣爆羊肝,五色糯米饭(七色),False
409,1163,桂圆枸杞鸽子汤,凉拌菠菜,True
410,1163,香菇鹌鹑蛋,香酥两吃大虾,True
411,1163,麻辣小龙虾,凉拌菠菜,True
412,1163,肉丁茄子,谷稻小庄,True
413,1163,泡椒凤爪,谷稻小庄,True
414,1406,白胡椒胡萝卜羊肉汤,凉拌菠菜,False
415,1406,芝麻烤紫菜,蛋挞,False
416,1406,番茄炖秋葵,白斩鸡,False
417,1406,蒜蓉生蚝,番茄炖牛腩,False
418,1406,干锅田鸡,爆炒猪肝,False
419,1406,凉拌蒜蓉西兰花,五色糯米饭(七色),False
420,1406,谷稻小庄,凉拌菠菜,False
421,1406,百威啤酒罐装,哈尔滨啤酒罐装,False
422,1406,紫薯面包卷,五色糯米饭(七色),False
423,1406,冰糖红豆薏米粥,辣炒鱿鱼,False
424,1406,清爽拌凉面,五色糯米饭(七色),False
425,1406,麻辣小龙虾,凉拌菠菜,False
426,1312,芝士烩波士顿龙虾,焖猪手,True
427,1312,辣炒鱿鱼,凉拌菠菜,False
428,1312,焖猪手,凉拌菠菜,False
429,1312,冰镇花螺,爆炒鸡翅,False
430,1312,水煮鱼,辣炒鱿鱼,True
431,1312,百里香奶油烤红酒牛肉,爆炒猪肝,False
432,1312,孜然羊排,凉拌菠菜,False
433,1312,番茄有机花菜,水煮鱼,True
434,1312,杭椒鸡珍,水煮鱼,True
435,1312,黄花菜炒木耳,麻辣小龙虾,False
436,1312,五彩豆,五色糯米饭(七色),True
437,1312,谷稻小庄,凉拌菠菜,False
438,1312,五色糯米饭(七色),凉拌菠菜,False
439,1312,黄尾袋鼠西拉子红葡萄酒,蒜香辣花甲,False
440,1181,芝士烩波士顿龙虾,焖猪手,True
441,1181,焖猪手,凉拌菠菜,False
442,1181,芹菜炒腰花,自制猪肉脯,False
443,1181,香辣腐乳炒虾,五色糯米饭(七色),False
444,1181,水煮鱼,辣炒鱿鱼,False
445,1181,剁椒鱼头,凉拌菠菜,False
446,1181,美妙绝伦之白莲花,自制猪肉脯,False
447,1181,清蒸蝶鱼,五色糯米饭(七色),False
448,1181,红酒炖羊肉,凉拌菠菜,False
449,1181,桂圆肉红豆八宝饭,芝士烩波士顿龙虾,True
450,1095,香烤牛排,西瓜胡萝卜沙拉,False
451,1095,孜然羊排,凉拌菠菜,False
452,1095,白斩鸡,谷稻小庄,True
453,1095,番茄甘蓝,谷稻小庄,True
454,1095,炝炒大白菜,凉拌菠菜,False
455,1095,金玉良缘,谷稻小庄,True
456,1095,38度剑南春,爆炒双丝,False
457,1095,五色糯米饭(七色),凉拌菠菜,False
458,1077,水煮鱼,辣炒鱿鱼,True
459,1077,独家薄荷鲜虾牛肉卷,谷稻小庄,False
460,1077,照烧鸡腿,谷稻小庄,False
461,1077,番茄有机花菜,水煮鱼,True
462,1077,意文柠檬汁,水煮鱼,True
463,1545,麻辣小龙虾,凉拌菠菜,False
464,1545,冰糖红豆薏米粥,辣炒鱿鱼,False
465,1545,自制猪肉脯,芹菜炒腰花,False
466,1545,意文柠檬汁,水煮鱼,True
467,1545,水煮鱼,辣炒鱿鱼,False
468,1545,清爽拌凉面,五色糯米饭(七色),False
469,1545,南瓜芝士包,鱼香肉丝拌面,True
470,1545,鱼香肉丝拌面,紫薯面包卷,False
471,1102,清蒸海鱼,谷稻小庄,True
472,1102,辣炒花蛤,农夫山泉NFC果汁100%橙汁,False
473,1102,爆炒鸡翅,凉拌菠菜,True
474,1102,红酒土豆烧鸭腿,辣炒鱿鱼,True
475,1102,炝炒大白菜,凉拌菠菜,True
476,1102,42度海之蓝,香酥两吃大虾,True
477,1102,金玉良缘,谷稻小庄,True
478,1102,意文柠檬汁,水煮鱼,True
479,1102,五色糯米饭(七色),凉拌菠菜,True
480,1102,不加一滴油的酸奶蛋糕,香菇鹌鹑蛋,True
481,1102,爆炒鳝碌,番茄炖牛腩,True
482,1102,清爽拌凉面,五色糯米饭(七色),True
483,1102,杭椒鸡珍,水煮鱼,True
484,1102,西瓜胡萝卜沙拉,五色糯米饭(七色),True
485,1102,香辣爆羊肝,五色糯米饭(七色),True
486,1102,肉丁茄子,谷稻小庄,True
487,1102,辣炒鱿鱼,凉拌菠菜,True
488,1102,香酥两吃大虾,凉拌菠菜,True
489,1102,自制猪肉脯,芹菜炒腰花,True
490,1102,意文柠檬汁,水煮鱼,True
491,1102,豌豆薯仔猪骨汤,焖猪手,True
492,1102,油焖麻辣虾,五色糯米饭(七色),True
493,1102,炝炒大白菜,凉拌菠菜,True
494,1102,番茄炖牛腩,五色糯米饭(七色),True
495,1102,照烧鸡腿,谷稻小庄,True
496,1102,焖猪手,凉拌菠菜,True
497,1102,木须豌豆,五香酱驴肉,True
498,1102,五色糯米饭(七色),凉拌菠菜,True
499,1472,倒立蒸梭子蟹,芝士烩波士顿龙虾,True
500,1472,芝士烩波士顿龙虾,焖猪手,False
501,1472,清蒸海鱼,谷稻小庄,False
502,1472,38度剑南春,爆炒双丝,False
503,1472,桂圆肉红豆八宝饭,芝士烩波士顿龙虾,True
504,1472,爆炒猪肝,凉拌菠菜,False
505,1472,百里香奶油烤红酒牛肉,爆炒猪肝,True
506,1472,打卤面,番茄炖牛腩,False
507,1472,清炒菊花菜,五色糯米饭(七色),False
508,1451,清蒸海鱼,谷稻小庄,True
509,1451,辣炒鱿鱼,凉拌菠菜,False
510,1451,芝麻烤紫菜,蛋挞,False
511,1451,美妙绝伦之白莲花,自制猪肉脯,False
512,1451,谷稻小庄,凉拌菠菜,False
513,1451,五色糯米饭(七色),凉拌菠菜,False
514,1451,芹菜炒腰花,自制猪肉脯,False
515,1451,孜然羊排,凉拌菠菜,False
516,1124,麻辣小龙虾,凉拌菠菜,True
517,1124,豌豆薯仔猪骨汤,焖猪手,True
518,1124,辣炒鱿鱼,凉拌菠菜,True
519,1124,凉拌菠菜,辣炒鱿鱼,True
520,1124,剁椒鱼头,凉拌菠菜,True
521,1124,爆炒猪肝,凉拌菠菜,True
522,1124,蒙古烤羊腿,凉拌菠菜,True
523,1124,孜然羊排,凉拌菠菜,True
524,1124,姜葱炒花蟹,谷稻小庄,True
525,1124,芹菜炒腰花,自制猪肉脯,True
526,1124,自制猪肉脯,芹菜炒腰花,True
527,1124,香烤牛排,西瓜胡萝卜沙拉,True
528,1124,蛋挞,凉拌菠菜,True
529,1124,焖猪手,凉拌菠菜,True
530,1077,麻辣小龙虾,凉拌菠菜,True
531,1077,豌豆薯仔猪骨汤,焖猪手,False
532,1077,凉拌菠菜,辣炒鱿鱼,True
533,1077,辣炒鱿鱼,凉拌菠菜,True
534,1188,培根紫菜卷,麻辣小龙虾,False
535,1188,芝麻烤紫菜,蛋挞,False
536,1188,啤酒鸭,香酥两吃大虾,False
537,1188,南瓜枸杞小饼干,麻辣小龙虾,False
538,1188,黑米恋上葡萄,凉拌菠菜,False
539,1188,意文柠檬汁,水煮鱼,False
540,1440,番茄炖秋葵,白斩鸡,False
541,1440,清炒菊花菜,五色糯米饭(七色),False
542,1440,爆炒双丝,西瓜胡萝卜沙拉,False
543,1440,南瓜枸杞小饼干,麻辣小龙虾,False
544,1440,特醇嘉士伯啤酒罐装,青岛啤酒罐装,False
545,1095,蒜香包,番茄炖牛腩,True
546,1095,花蛤蒸蛋,五色糯米饭(七色),True
547,1095,紫薯面包卷,五色糯米饭(七色),True
548,1095,玉竹南北杏鸭腿汤,蒜香辣花甲,False
549,1095,三色凉拌手撕兔,麻辣小龙虾,True
550,1095,啤酒鸭,香酥两吃大虾,False
551,1095,培根花菜,五色糯米饭(七色),True
552,1095,芝士烩波士顿龙虾,焖猪手,False
553,1095,香辣腐乳炒虾,五色糯米饭(七色),True
554,1095,北冰洋汽水,爆炒双丝,False
555,1095,倒立蒸梭子蟹,芝士烩波士顿龙虾,True
556,1161,麻辣小龙虾,凉拌菠菜,True
557,1161,焖猪手,凉拌菠菜,True
558,1161,小炒羊腰,谷稻小庄,False
559,1161,香酥两吃大虾,凉拌菠菜,True
560,1161,凉拌菠菜,辣炒鱿鱼,False
561,1582,辣炒田螺,金玉良缘,False
562,1582,红酒土豆烧鸭腿,辣炒鱿鱼,False
563,1582,杭椒鸡珍,水煮鱼,False
564,1582,清炒菊花菜,五色糯米饭(七色),True
565,1582,五彩豆,五色糯米饭(七色),True
566,1582,纸杯蛋糕,西瓜胡萝卜沙拉,False
567,1582,谷稻小庄,凉拌菠菜,False
568,1582,五色糯米饭(七色),凉拌菠菜,False
569,1582,打卤面,番茄炖牛腩,False
570,1097,水煮鱼,辣炒鱿鱼,True
571,1097,大蒜苋菜,美妙绝伦之白莲花,False
572,1097,芝麻烤紫菜,蛋挞,True
573,1097,路易拉菲红酒干红,芝士烩波士顿龙虾,True
574,1097,白胡椒胡萝卜羊肉汤,凉拌菠菜,True
575,1097,凉拌菠菜,辣炒鱿鱼,True
576,1097,百里香奶油烤红酒牛肉,爆炒猪肝,True
577,1097,牛肉鸡蛋肠粉,土豆西红柿汤面,False
578,1097,蛋挞,凉拌菠菜,True
579,1097,自制猪肉脯,芹菜炒腰花,True
580,1097,香酥两吃大虾,凉拌菠菜,True
581,1097,哈尔滨啤酒罐装,蓝带啤酒罐装,True
582,1097,桂圆肉红豆八宝饭,芝士烩波士顿龙虾,True
583,1097,葱油凉拌藕片,五色糯米饭(七色),False
584,1097,山药养生粥,凉拌菠菜,True
585,1097,老式面包,干锅田鸡,True
586,1593,培根紫菜卷,麻辣小龙虾,False
587,1593,桂圆枸杞鸽子汤,凉拌菠菜,False
588,1593,糖醋蕃茄溜青花,五色糯米饭(七色),False
589,1593,照烧鸡腿,谷稻小庄,False
590,1171,香酥两吃大虾,凉拌菠菜,False
591,1171,水煮鱼,辣炒鱿鱼,False
592,1171,美妙绝伦之白莲花,自制猪肉脯,False
593,1171,白胡椒胡萝卜羊肉汤,凉拌菠菜,False
594,1171,意文柠檬汁,水煮鱼,True
595,1171,百里香奶油烤红酒牛肉,爆炒猪肝,False
596,1171,紫薯面包卷,五色糯米饭(七色),True
597,1171,打卤面,番茄炖牛腩,False
598,1171,独家薄荷鲜虾牛肉卷,谷稻小庄,False
599,1171,清爽拌凉面,五色糯米饭(七色),True
600,1171,五色糯米饭(七色),凉拌菠菜,False
601,1171,啤酒鸭,香酥两吃大虾,True
602,1268,油焖麻辣虾,五色糯米饭(七色),False
603,1268,蒙古烤羊腿,凉拌菠菜,True
604,1268,谷稻小庄,凉拌菠菜,True
605,1268,凉拌菠菜,辣炒鱿鱼,False
606,1268,香辣爆羊肝,五色糯米饭(七色),False
607,1268,白胡椒胡萝卜羊肉汤,凉拌菠菜,True
608,1502,清蒸海鱼,谷稻小庄,False
609,1502,独家薄荷鲜虾牛肉卷,谷稻小庄,False
610,1502,意文柠檬汁,水煮鱼,False
611,1502,超人气广式肠粉,桂圆肉红豆八宝饭,False
612,1502,鱼香肉丝拌面,紫薯面包卷,False
613,1502,葱油凉拌藕片,五色糯米饭(七色),False
614,1128,盘蟹蒸蛋,芝士烩波士顿龙虾,True
615,1128,凉拌菠菜,辣炒鱿鱼,True
616,1128,蒙古烤羊腿,凉拌菠菜,True
617,1128,焖猪手,凉拌菠菜,True
618,1128,辣炒鱿鱼,凉拌菠菜,True
619,1128,水煮鱼,辣炒鱿鱼,True
620,1128,豌豆薯仔猪骨汤,焖猪手,True
621,1273,芝士烩波士顿龙虾,焖猪手,False
622,1273,自制猪肉脯,芹菜炒腰花,False
623,1273,避风塘炒蟹,五色糯米饭(七色),True
624,1273,清蒸海鱼,谷稻小庄,True
625,1273,香菇鹌鹑蛋,香酥两吃大虾,False
626,1273,西瓜胡萝卜沙拉,五色糯米饭(七色),True
627,1273,酸辣藕丁,凉拌菠菜,True
628,1273,不加一滴油的酸奶蛋糕,香菇鹌鹑蛋,True
629,1273,谷稻小庄,凉拌菠菜,True
630,1273,法国波尔多AOC干红葡萄酒原,凉拌蒜蓉西兰花,False
631,1273,纸杯蛋糕,西瓜胡萝卜沙拉,True
632,1273,五色糯米饭(七色),凉拌菠菜,True
633,1273,肉丁茄子,谷稻小庄,True
634,1273,凉拌菠菜,辣炒鱿鱼,False
635,1273,桂圆枸杞鸽子汤,凉拌菠菜,True
636,1273,孜然羊排,凉拌菠菜,True
637,1273,党参黄芪炖牛尾,香酥两吃大虾,False
638,1273,鲜美鳝鱼,鱼香肉丝拌面,False
639,1246,香辣腐乳炒虾,五色糯米饭(七色),False
640,1246,辣炒鱿鱼,凉拌菠菜,True
641,1246,爆炒猪肝,凉拌菠菜,True
642,1246,香酥两吃大虾,凉拌菠菜,True
643,1246,凉拌菠菜,辣炒鱿鱼,True
644,1246,大蒜苋菜,美妙绝伦之白莲花,False
645,1097,谷稻小庄,凉拌菠菜,True
646,1097,蒙古烤羊腿,凉拌菠菜,True
647,1097,香酥两吃大虾,凉拌菠菜,True
648,1097,培根花菜,五色糯米饭(七色),False
649,1097,杭椒鸡珍,水煮鱼,True
650,1097,路易拉菲红酒干红,芝士烩波士顿龙虾,True
651,1097,白胡椒胡萝卜羊肉汤,凉拌菠菜,True
652,1097,凉拌菠菜,辣炒鱿鱼,True
653,1097,芝麻烤紫菜,蛋挞,True
654,1097,照烧鸡腿,谷稻小庄,True
655,1097,酸辣藕丁,凉拌菠菜,True
656,1097,孜然羊排,凉拌菠菜,True
657,1097,蛋挞,凉拌菠菜,True
658,1097,大蒜苋菜,美妙绝伦之白莲花,False
659,1097,红酒炖羊肉,凉拌菠菜,True
660,1146,麻辣小龙虾,凉拌菠菜,True
661,1146,白胡椒胡萝卜羊肉汤,凉拌菠菜,True
662,1146,凉拌菠菜,辣炒鱿鱼,False
663,1146,纸杯蛋糕,西瓜胡萝卜沙拉,False
664,1146,哈尔滨啤酒罐装,蓝带啤酒罐装,False
665,1550,花蛤蒸蛋,五色糯米饭(七色),True
666,1550,培根花菜,五色糯米饭(七色),True
667,1550,白斩鸡,谷稻小庄,True
668,1550,大蒜苋菜,美妙绝伦之白莲花,True
669,1550,豌豆薯仔猪骨汤,焖猪手,True
670,1550,谷稻小庄,凉拌菠菜,True
671,1550,意文柠檬汁,水煮鱼,True
672,1550,一品香酥藕,谷稻小庄,True
673,1550,辣炒鱿鱼,凉拌菠菜,True
674,1550,五色糯米饭(七色),凉拌菠菜,True
675,1550,自制猪肉脯,芹菜炒腰花,True
676,1130,麻辣小龙虾,凉拌菠菜,True
677,1130,倒立蒸梭子蟹,芝士烩波士顿龙虾,True
678,1130,番茄甘蓝,谷稻小庄,True
679,1130,香菇鹌鹑蛋,香酥两吃大虾,True
680,1130,金玉良缘,谷稻小庄,True
681,1130,西瓜胡萝卜沙拉,五色糯米饭(七色),True
682,1130,五色糯米饭(七色),凉拌菠菜,True
683,1130,南瓜枸杞小饼干,麻辣小龙虾,True
684,1130,核桃葡萄干土司,番茄甘蓝,True
685,1130,桂圆肉红豆八宝饭,芝士烩波士顿龙虾,True
686,1130,土豆西红柿汤面,蓝带啤酒罐装,False
687,1130,山药养生粥,凉拌菠菜,True
688,1130,法国波尔多AOC干红葡萄酒原,凉拌蒜蓉西兰花,False
689,1130,谷稻小庄,凉拌菠菜,True
690,1130,红酒炖羊肉,凉拌菠菜,True
691,1198,爆炒双丝,西瓜胡萝卜沙拉,False
692,1198,青岛啤酒罐装,辣炒花蛤,False
693,1198,干锅田鸡,爆炒猪肝,False
694,1198,特醇嘉士伯啤酒罐装,青岛啤酒罐装,True
695,1198,皮蛋瘦肉粥,意文柠檬汁,False
696,1128,焖猪手,凉拌菠菜,True
697,1128,油焖麻辣虾,五色糯米饭(七色),True
698,1128,芹菜炒腰花,自制猪肉脯,True
699,1128,自制猪肉脯,芹菜炒腰花,True
700,1128,辣炒鱿鱼,凉拌菠菜,True
701,1128,水煮鱼,辣炒鱿鱼,True
702,1128,谷稻小庄,凉拌菠菜,True
703,1128,凉拌菠菜,辣炒鱿鱼,True
704,1128,白胡椒胡萝卜羊肉汤,凉拌菠菜,True
705,1128,蒙古烤羊腿,凉拌菠菜,True
706,1128,葱油凉拌藕片,五色糯米饭(七色),True
707,1128,张裕葡萄酒张裕赤霞珠干红,麻辣小龙虾,False
708,1128,姜葱炒花蟹,谷稻小庄,True
709,1082,油焖麻辣虾,五色糯米饭(七色),True
710,1082,皮蛋瘦肉粥,意文柠檬汁,True
711,1082,冰糖红豆薏米粥,辣炒鱿鱼,True
712,1082,清蒸海鱼,谷稻小庄,True
713,1082,水煮鱼,辣炒鱿鱼,True
714,1082,辣炒鱿鱼,凉拌菠菜,True
715,1082,露露无糖杏仁露,北冰洋汽水,False
716,1082,谷稻小庄,凉拌菠菜,True
717,1082,意文柠檬汁,水煮鱼,True
718,1082,凉拌菠菜,辣炒鱿鱼,True
719,1082,香辣爆羊肝,五色糯米饭(七色),True
720,1082,凉拌蒜蓉西兰花,五色糯米饭(七色),True
721,1082,打卤面,番茄炖牛腩,True
722,1082,南瓜枸杞小饼干,麻辣小龙虾,False
723,1082,番茄炖牛腩,五色糯米饭(七色),True
724,1082,五色糯米饭(七色),凉拌菠菜,True
725,1082,牛奶卷,爆炒双丝,False
726,1082,葱油凉拌藕片,五色糯米饭(七色),True
727,1082,金玉良缘,谷稻小庄,True
728,1153,香菇鹌鹑蛋,香酥两吃大虾,True
729,1153,蒙古烤羊腿,凉拌菠菜,True
730,1153,爆炒双丝,西瓜胡萝卜沙拉,False
731,1153,蛋挞,凉拌菠菜,True
732,1153,谷稻小庄,凉拌菠菜,True
733,1153,避风塘炒蟹,五色糯米饭(七色),True
734,1153,不加一滴油的酸奶蛋糕,香菇鹌鹑蛋,True
735,1153,培根紫菜卷,麻辣小龙虾,False
736,1153,打卤面,番茄炖牛腩,True
737,1153,酸辣藕丁,凉拌菠菜,True
738,1153,水煮鱼,辣炒鱿鱼,True
739,1153,美妙绝伦之白莲花,自制猪肉脯,True
740,1153,蒜香辣花甲,凉拌菠菜,True
741,1153,百里香奶油烤红酒牛肉,爆炒猪肝,True
742,1153,水煮鱼,辣炒鱿鱼,True
743,1153,姜葱炒花蟹,谷稻小庄,True
744,1153,党参黄芪炖牛尾,香酥两吃大虾,True
745,1153,油焖麻辣虾,五色糯米饭(七色),True
746,1153,三色凉拌手撕兔,麻辣小龙虾,False
747,1153,木须豌豆,五香酱驴肉,False
748,1153,孜然羊排,凉拌菠菜,True
749,1153,美妙绝伦之白莲花,自制猪肉脯,True
750,1153,肉丁茄子,谷稻小庄,True
751,1153,辣炒鱿鱼,凉拌菠菜,True
752,1153,鲜美鳝鱼,鱼香肉丝拌面,False
753,1550,香酥两吃大虾,凉拌菠菜,True
754,1550,豌豆薯仔猪骨汤,焖猪手,True
755,1550,焖猪手,凉拌菠菜,True
756,1550,自制猪肉脯,芹菜炒腰花,True
757,1550,爆炒猪肝,凉拌菠菜,True
758,1550,芹菜炒腰花,自制猪肉脯,True
759,1550,辣炒鱿鱼,凉拌菠菜,True
760,1550,剁椒鱼头,凉拌菠菜,True
761,1550,凉拌菠菜,辣炒鱿鱼,True
762,1550,红酒炖羊肉,凉拌菠菜,True
763,1550,蒙古烤羊腿,凉拌菠菜,True
764,1550,孜然羊排,凉拌菠菜,True
765,1550,美妙绝伦之白莲花,自制猪肉脯,True
766,1550,香烤牛排,西瓜胡萝卜沙拉,False
767,1550,姜葱炒花蟹,谷稻小庄,True
768,1097,油焖麻辣虾,五色糯米饭(七色),False
769,1097,焖猪手,凉拌菠菜,True
770,1097,辣炒鱿鱼,凉拌菠菜,True
771,1097,自制猪肉脯,芹菜炒腰花,True
772,1097,剁椒鱼头,凉拌菠菜,True
773,1097,凉拌菠菜,辣炒鱿鱼,True
774,1097,芹菜炒腰花,自制猪肉脯,True
775,1097,爆炒猪肝,凉拌菠菜,True
776,1097,蒙古烤羊腿,凉拌菠菜,True
777,1097,干锅田鸡,爆炒猪肝,True
778,1097,谷稻小庄,凉拌菠菜,True
779,1097,孜然羊排,凉拌菠菜,True
780,1097,酸辣藕丁,凉拌菠菜,True
781,1097,南瓜枸杞小饼干,麻辣小龙虾,False
782,1097,照烧鸡腿,谷稻小庄,True
783,1097,泡椒凤爪,谷稻小庄,True
784,1459,香辣腐乳炒虾,五色糯米饭(七色),False
785,1459,辣炒鱿鱼,凉拌菠菜,True
786,1459,豌豆薯仔猪骨汤,焖猪手,False
787,1459,凉拌菠菜,辣炒鱿鱼,True
788,1459,香烤牛排,西瓜胡萝卜沙拉,False
789,1138,培根紫菜卷,麻辣小龙虾,False
790,1138,豌豆薯仔猪骨汤,焖猪手,True
791,1138,焖猪手,凉拌菠菜,True
792,1138,皮蛋瘦肉粥,意文柠檬汁,True
793,1138,爆炒猪肝,凉拌菠菜,True
794,1138,牛肉鸡蛋肠粉,土豆西红柿汤面,False
795,1138,谷稻小庄,凉拌菠菜,True
796,1135,姜葱炒花蟹,谷稻小庄,False
797,1135,香辣腐乳炒虾,五色糯米饭(七色),True
798,1135,焖猪手,凉拌菠菜,False
799,1135,香菇鹌鹑蛋,香酥两吃大虾,False
800,1135,番茄甘蓝,谷稻小庄,False
801,1135,葱油凉拌藕片,五色糯米饭(七色),True
802,1135,五色糯米饭(七色),凉拌菠菜,False
803,1515,辣炒鱿鱼,凉拌菠菜,False
804,1515,孜然羊排,凉拌菠菜,False
805,1515,牛尾汤,谷稻小庄,False
806,1515,番茄炖秋葵,白斩鸡,False
807,1515,黑米恋上葡萄,凉拌菠菜,False
808,1515,黄油曲奇饼干,水煮鱼,False
809,1515,西瓜胡萝卜沙拉,五色糯米饭(七色),False
810,1515,百威啤酒罐装,哈尔滨啤酒罐装,False
811,1102,麻辣小龙虾,凉拌菠菜,True
812,1102,谷稻小庄,凉拌菠菜,True
813,1102,美妙绝伦之白莲花,自制猪肉脯,True
814,1102,香烤牛排,西瓜胡萝卜沙拉,True
815,1102,孜然羊排,凉拌菠菜,True
816,1102,蛋挞,凉拌菠菜,True
817,1102,蒜香包,番茄炖牛腩,True
818,1102,牛尾汤,谷稻小庄,True
819,1102,白胡椒胡萝卜羊肉汤,凉拌菠菜,True
820,1102,桂圆枸杞鸽子汤,凉拌菠菜,True
821,1102,水煮鱼,辣炒鱿鱼,True
822,1102,黄油曲奇饼干,水煮鱼,True
823,1102,纸杯蛋糕,西瓜胡萝卜沙拉,True
824,1102,露露无糖杏仁露,北冰洋汽水,False
825,1102,清爽拌凉面,五色糯米饭(七色),True
826,1102,凉拌菠菜,辣炒鱿鱼,True
827,1102,香菇鹌鹑蛋,香酥两吃大虾,True
828,1102,西瓜胡萝卜沙拉,五色糯米饭(七色),True
829,1102,香辣爆羊肝,五色糯米饭(七色),True
830,1102,肉丁茄子,谷稻小庄,True
831,1102,大理石奶油蛋糕,剁椒鱼头,True
832,1102,五香酱驴肉,木须豌豆,True
833,1138,清蒸海鱼,谷稻小庄,True
834,1138,水煮鱼,辣炒鱿鱼,False
835,1138,独家薄荷鲜虾牛肉卷,谷稻小庄,True
836,1138,牛尾汤,谷稻小庄,True
837,1138,意文柠檬汁,水煮鱼,True
838,1138,金玉良缘,谷稻小庄,True
839,1138,酸辣藕丁,凉拌菠菜,True
840,1000,麻辣小龙虾,凉拌菠菜,True
841,1000,爆炒猪肝,凉拌菠菜,True
842,1000,辣炒鱿鱼,凉拌菠菜,True
843,1000,冰糖红豆薏米粥,辣炒鱿鱼,True
844,1000,清蒸海鱼,谷稻小庄,True
845,1000,皮蛋瘦肉粥,意文柠檬汁,False
846,1000,农夫山泉NFC果汁100%橙汁,冰糖红豆薏米粥,True
847,1000,谷稻小庄,凉拌菠菜,True
848,1000,炝炒大白菜,凉拌菠菜,True
849,1000,美妙绝伦之白莲花,自制猪肉脯,False
850,1000,凉拌菠菜,辣炒鱿鱼,True
851,1000,凉拌蒜蓉西兰花,五色糯米饭(七色),False
852,1000,红酒炖羊肉,凉拌菠菜,True
853,1000,核桃葡萄干土司,番茄甘蓝,False
854,1104,麻辣小龙虾,凉拌菠菜,False
855,1104,谷稻小庄,凉拌菠菜,False
856,1104,美妙绝伦之白莲花,自制猪肉脯,False
857,1104,香酥两吃大虾,凉拌菠菜,False
858,1104,白胡椒胡萝卜羊肉汤,凉拌菠菜,False
859,1104,南瓜枸杞小饼干,麻辣小龙虾,True
860,1104,番茄甘蓝,谷稻小庄,True
861,1104,西瓜胡萝卜沙拉,五色糯米饭(七色),True
862,1104,独家薄荷鲜虾牛肉卷,谷稻小庄,True
863,1288,香辣腐乳炒虾,五色糯米饭(七色),False
864,1288,红酒炖羊肉,凉拌菠菜,True
865,1288,剁椒鱼头,凉拌菠菜,True
866,1288,谷稻小庄,凉拌菠菜,True
867,1288,冰糖红豆薏米粥,辣炒鱿鱼,False
868,1288,凉拌菠菜,辣炒鱿鱼,False
869,1352,芝士烩波士顿龙虾,焖猪手,False
870,1352,倒立蒸梭子蟹,芝士烩波士顿龙虾,True
871,1352,麻辣小龙虾,凉拌菠菜,False
872,1352,南瓜枸杞小饼干,麻辣小龙虾,True
873,1352,谷稻小庄,凉拌菠菜,False
874,1352,清蒸蝶鱼,五色糯米饭(七色),False
875,1352,凉拌蒜蓉西兰花,五色糯米饭(七色),False
876,1352,快炒黄鳝,蛋挞,False
877,1352,百威啤酒罐装,哈尔滨啤酒罐装,False
878,1352,青岛啤酒罐装,辣炒花蛤,False
879,1352,特醇嘉士伯啤酒罐装,青岛啤酒罐装,True
880,1352,红酒土豆烧鸭腿,辣炒鱿鱼,False
881,1352,番茄蛋汤,五色糯米饭(七色),False
882,1352,杭椒鸡珍,水煮鱼,False
883,1352,番茄有机花菜,水煮鱼,False
884,1352,拌土豆丝,凉拌菠菜,False
885,1352,金玉良缘,谷稻小庄,True
886,1352,黑米恋上葡萄,凉拌菠菜,False
887,1352,牛尾汤,谷稻小庄,True
888,1431,清蒸海鱼,谷稻小庄,True
889,1431,香酥两吃大虾,凉拌菠菜,True
890,1431,蒙古烤羊腿,凉拌菠菜,True
891,1431,孜然羊排,凉拌菠菜,True
892,1431,西瓜胡萝卜沙拉,五色糯米饭(七色),False
893,1431,香菇鹌鹑蛋,香酥两吃大虾,True
894,1431,凉拌菠菜,辣炒鱿鱼,False
895,1431,谷稻小庄,凉拌菠菜,True
896,1431,路易拉菲红酒干红,芝士烩波士顿龙虾,False
897,1431,桂圆肉红豆八宝饭,芝士烩波士顿龙虾,False
898,1431,黑米恋上葡萄,凉拌菠菜,True
899,1431,杭椒鸡珍,水煮鱼,False
900,1431,老式面包,干锅田鸡,False
901,1431,芝麻烤紫菜,蛋挞,False
902,1431,红酒土豆烧鸭腿,辣炒鱿鱼,False
903,1431,桂圆枸杞鸽子汤,凉拌菠菜,True
904,1431,麻辣小龙虾,凉拌菠菜,True
905,1435,芝士烩波士顿龙虾,焖猪手,True
906,1435,豌豆薯仔猪骨汤,焖猪手,True
907,1435,焖猪手,凉拌菠菜,True
908,1435,爆炒猪肝,凉拌菠菜,True
909,1435,自制猪肉脯,芹菜炒腰花,True
910,1435,芹菜炒腰花,自制猪肉脯,True
911,1435,冰糖红豆薏米粥,辣炒鱿鱼,False
912,1435,清蒸海鱼,谷稻小庄,True
913,1435,剁椒鱼头,凉拌菠菜,True
914,1435,谷稻小庄,凉拌菠菜,True
915,1435,大蒜苋菜,美妙绝伦之白莲花,True
916,1435,炝炒大白菜,凉拌菠菜,True
917,1435,美妙绝伦之白莲花,自制猪肉脯,True
918,1435,凉拌菠菜,辣炒鱿鱼,False
919,1109,芝士烩波士顿龙虾,焖猪手,True
920,1109,焖猪手,凉拌菠菜,True
921,1109,美妙绝伦之白莲花,自制猪肉脯,False
922,1109,凉拌菠菜,辣炒鱿鱼,True
923,1109,剁椒鱼头,凉拌菠菜,True
924,1109,清蒸海鱼,谷稻小庄,False
925,1109,五色糯米饭(七色),凉拌菠菜,True
926,1109,黄尾袋鼠西拉子红葡萄酒,蒜香辣花甲,True
927,1124,芝士烩波士顿龙虾,焖猪手,True
928,1124,焖猪手,凉拌菠菜,True
929,1124,爆炒猪肝,凉拌菠菜,True
930,1124,自制猪肉脯,芹菜炒腰花,True
931,1124,小米南瓜粥,凉拌菠菜,True
932,1124,芹菜炒腰花,自制猪肉脯,True
933,1124,香菇鸡肉粥,拌土豆丝,False
934,1124,剁椒鱼头,凉拌菠菜,True
935,1124,谷稻小庄,凉拌菠菜,True
936,1124,清蒸海鱼,谷稻小庄,True
937,1124,黄尾袋鼠西拉子红葡萄酒,蒜香辣花甲,False
938,1124,香酥两吃大虾,凉拌菠菜,True
939,1124,凉拌菠菜,辣炒鱿鱼,True
940,1124,凉拌蒜蓉西兰花,五色糯米饭(七色),True
941,1124,桂圆肉红豆八宝饭,芝士烩波士顿龙虾,True
942,1171,芝士烩波士顿龙虾,焖猪手,False
943,1171,香酥两吃大虾,凉拌菠菜,False
944,1171,法国波尔多AOC干红葡萄酒原,凉拌蒜蓉西兰花,False
945,1171,冰糖红豆薏米粥,辣炒鱿鱼,False
946,1171,凉拌萝卜丝,西瓜胡萝卜沙拉,False
947,1171,美妙绝伦之白莲花,自制猪肉脯,False
948,1294,剁椒鱼头,凉拌菠菜,False
949,1294,清蒸蝶鱼,五色糯米饭(七色),False
950,1294,培根紫菜卷,麻辣小龙虾,False
951,1294,凉拌海带豆芽紫菜,青炒扁豆,False
952,1294,啤酒鸭,香酥两吃大虾,False
953,1294,五香酱驴肉,木须豌豆,False
954,1294,独家薄荷鲜虾牛肉卷,谷稻小庄,True
955,1294,爆炒双丝,西瓜胡萝卜沙拉,False
956,1294,番茄炖牛腩,五色糯米饭(七色),False
957,1294,葱油凉拌藕片,五色糯米饭(七色),False
958,1294,酸辣藕丁,凉拌菠菜,False
959,1294,美妙绝伦之白莲花,自制猪肉脯,False
960,1294,糖醋蕃茄溜青花,五色糯米饭(七色),False
961,1294,五彩豆,五色糯米饭(七色),False
962,1294,谷稻小庄,凉拌菠菜,False
963,1176,麻辣小龙虾,凉拌菠菜,False
964,1176,姜葱炒花蟹,谷稻小庄,False
965,1176,培根花菜,五色糯米饭(七色),True
966,1176,五色糯米饭(七色),凉拌菠菜,False
967,1176,干锅田鸡,爆炒猪肝,False
968,1176,木须豌豆,五香酱驴肉,False
969,1176,黄尾袋鼠西拉子红葡萄酒,蒜香辣花甲,True
970,1176,哈尔滨啤酒罐装,蓝带啤酒罐装,False
971,1176,葱油凉拌藕片,五色糯米饭(七色),True
972,1176,黄花菜炒木耳,麻辣小龙虾,True
973,1176,番茄炖牛腩,五色糯米饭(七色),True
974,1176,皮蛋瘦肉粥,意文柠檬汁,False
975,1176,蒜香辣花甲,凉拌菠菜,False
976,1176,葡萄奶酥(超酥香的饼干),五色糯米饭(七色),True
977,1176,爆炒双丝,西瓜胡萝卜沙拉,False
978,1176,红酒土豆烧鸭腿,辣炒鱿鱼,False
979,1176,桂圆枸杞鸽子汤,凉拌菠菜,False
980,1200,酸辣藕丁,凉拌菠菜,False
981,1200,蒜香辣花甲,凉拌菠菜,False
982,1200,番茄有机花菜,水煮鱼,False
983,1200,意文柠檬汁,水煮鱼,False
984,1391,香酥两吃大虾,凉拌菠菜,True
985,1391,倒立蒸梭子蟹,芝士烩波士顿龙虾,False
986,1391,谷稻小庄,凉拌菠菜,True
987,1391,美妙绝伦之白莲花,自制猪肉脯,False
988,1391,辣炒鱿鱼,凉拌菠菜,True
989,1391,剁椒鱼头,凉拌菠菜,True
990,1391,爆炒鳝碌,番茄炖牛腩,False
991,1391,北冰洋汽水,爆炒双丝,False
992,1391,酸辣藕丁,凉拌菠菜,True
993,1391,蒜香包,番茄炖牛腩,False
994,1391,农夫山泉NFC果汁100%橙汁,冰糖红豆薏米粥,False
995,1391,蛋挞,凉拌菠菜,True
996,1391,葡萄奶酥(超酥香的饼干),五色糯米饭(七色),False
997,1391,西瓜胡萝卜沙拉,五色糯米饭(七色),False
998,1391,孜然羊排,凉拌菠菜,True
999,1391,蒙古烤羊腿,凉拌菠菜,True
1000,1391,香辣爆羊肝,五色糯米饭(七色),False
1001,1391,水煮鱼,辣炒鱿鱼,True
1002,1391,凉拌菠菜,辣炒鱿鱼,True
1003,1391,鱼香肉丝拌面,紫薯面包卷,False
1004,1391,黄花菜炒木耳,麻辣小龙虾,False
1005,1391,豌豆薯仔猪骨汤,焖猪手,False
1006,1394,美妙绝伦之白莲花,自制猪肉脯,False
1007,1394,清蒸海鱼,谷稻小庄,False
1008,1394,快炒黄鳝,蛋挞,False
1009,1394,清炒菊花菜,五色糯米饭(七色),False
1010,1394,张裕葡萄酒张裕赤霞珠干红,麻辣小龙虾,False
1011,1130,芝士烩波士顿龙虾,焖猪手,True
1012,1130,剁椒鱼头,凉拌菠菜,True
1013,1130,培根紫菜卷,麻辣小龙虾,True
1014,1130,芝麻烤紫菜,蛋挞,True
1015,1130,番茄蛋汤,五色糯米饭(七色),True
1016,1130,啤酒鸭,香酥两吃大虾,True
1017,1130,凉拌菠菜,辣炒鱿鱼,True
1018,1130,大蒜苋菜,美妙绝伦之白莲花,True
1019,1130,爆炒双丝,西瓜胡萝卜沙拉,True
1020,1130,52度泸州老窖,焖猪手,True
1021,1130,谷稻小庄,凉拌菠菜,True
1022,1130,咖啡奶香面包,山药养生粥,True
1023,1130,西瓜胡萝卜沙拉,五色糯米饭(七色),True
1024,1130,牛奶卷,爆炒双丝,True
1025,1130,五色糯米饭(七色),凉拌菠菜,True
1026,1130,小米南瓜粥,凉拌菠菜,True
1027,1130,冰糖红豆薏米粥,辣炒鱿鱼,True
1028,1130,牛肉鸡蛋肠粉,土豆西红柿汤面,True
1029,1130,北冰洋汽水,爆炒双丝,True
1030,1483,香酥两吃大虾,凉拌菠菜,True
1031,1483,自制猪肉脯,芹菜炒腰花,False
1032,1483,香菇鹌鹑蛋,香酥两吃大虾,True
1033,1483,酸辣藕丁,凉拌菠菜,True
1034,1483,凉拌菠菜,辣炒鱿鱼,False
1035,1483,山药养生粥,凉拌菠菜,True
1036,1483,五色糯米饭(七色),凉拌菠菜,True
1037,1483,肉丁茄子,谷稻小庄,False
1038,1483,番茄有机花菜,水煮鱼,False
1039,1483,花蛤蒸蛋,五色糯米饭(七色),True
1040,1483,红酒土豆烧鸭腿,辣炒鱿鱼,False
1041,1483,蒜蓉生蚝,番茄炖牛腩,False
1042,1483,50度古井贡酒,冬瓜炒苦瓜,False
1043,1483,意文柠檬汁,水煮鱼,False
1044,1483,独家薄荷鲜虾牛肉卷,谷稻小庄,False
1045,1483,咖啡奶香面包,山药养生粥,True
1046,1483,番茄炖秋葵,白斩鸡,False
1047,1258,芝士烩波士顿龙虾,焖猪手,True
1048,1258,自制猪肉脯,芹菜炒腰花,True
1049,1258,爆炒猪肝,凉拌菠菜,True
1050,1258,芹菜炒腰花,自制猪肉脯,True
1051,1258,焖猪手,凉拌菠菜,True
1052,1258,豌豆薯仔猪骨汤,焖猪手,True
1053,1258,谷稻小庄,凉拌菠菜,True
1054,1258,清蒸海鱼,谷稻小庄,True
1055,1258,冰糖红豆薏米粥,辣炒鱿鱼,False
1056,1258,凉拌菠菜,辣炒鱿鱼,False
1057,1258,炝炒大白菜,凉拌菠菜,True
1058,1258,大蒜苋菜,美妙绝伦之白莲花,True
1059,1258,美妙绝伦之白莲花,自制猪肉脯,True
1060,1258,五色糯米饭(七色),凉拌菠菜,True
1061,1258,凉拌蒜蓉西兰花,五色糯米饭(七色),True
1062,1176,香酥两吃大虾,凉拌菠菜,False
1063,1176,自制猪肉脯,芹菜炒腰花,True
1064,1176,不加一滴油的酸奶蛋糕,香菇鹌鹑蛋,False
1065,1176,50度古井贡酒,冬瓜炒苦瓜,False
1066,1176,黑米恋上葡萄,凉拌菠菜,False
1067,1176,焖猪手,凉拌菠菜,False
1068,1176,芹菜炒腰花,自制猪肉脯,True
1069,1176,倒立蒸梭子蟹,芝士烩波士顿龙虾,True
1070,1176,大蒜苋菜,美妙绝伦之白莲花,False
1071,1176,大理石奶油蛋糕,剁椒鱼头,False
1072,1176,芝士烩波士顿龙虾,焖猪手,True
1073,1292,油焖麻辣虾,五色糯米饭(七色),False
1074,1292,自制猪肉脯,芹菜炒腰花,False
1075,1292,冰糖红豆薏米粥,辣炒鱿鱼,False
1076,1292,水煮鱼,辣炒鱿鱼,False
1077,1292,谷稻小庄,凉拌菠菜,False
1078,1292,凉拌蒜蓉西兰花,五色糯米饭(七色),False
1079,1292,紫薯面包卷,五色糯米饭(七色),False
1080,1292,鱼香肉丝拌面,紫薯面包卷,True
1081,1550,香辣腐乳炒虾,五色糯米饭(七色),True
1082,1550,芹菜炒腰花,自制猪肉脯,True
1083,1550,自制猪肉脯,芹菜炒腰花,True
1084,1550,皮蛋瘦肉粥,意文柠檬汁,True
1085,1550,小米南瓜粥,凉拌菠菜,True
1086,1550,冰糖红豆薏米粥,辣炒鱿鱼,True
1087,1550,辣炒鱿鱼,凉拌菠菜,True
1088,1550,谷稻小庄,凉拌菠菜,True
1089,1550,五香酱驴肉,木须豌豆,False
1090,1550,水煮鱼,辣炒鱿鱼,True
1091,1550,五色糯米饭(七色),凉拌菠菜,True
1092,1550,黄花菜炒木耳,麻辣小龙虾,True
1093,1550,鱼香肉丝拌面,紫薯面包卷,False
1094,1550,独家薄荷鲜虾牛肉卷,谷稻小庄,True
1095,1550,清爽拌凉面,五色糯米饭(七色),True
1096,1550,清炒菊花菜,五色糯米饭(七色),True
1097,1550,番茄有机花菜,水煮鱼,True
1098,1550,培根紫菜卷,麻辣小龙虾,True
1099,1215,香酥两吃大虾,凉拌菠菜,True
1100,1215,自制猪肉脯,芹菜炒腰花,False
1101,1215,香菇鸡肉粥,拌土豆丝,False
1102,1215,芝士烩波士顿龙虾,焖猪手,False
1103,1215,百里香奶油烤红酒牛肉,爆炒猪肝,False
1104,1215,照烧鸡腿,谷稻小庄,True
1105,1215,意文柠檬汁,水煮鱼,True
1106,1215,酸辣汤面,清蒸海鱼,False
1107,1215,美妙绝伦之白莲花,自制猪肉脯,True
1108,1215,超人气广式肠粉,桂圆肉红豆八宝饭,False
1109,1215,五色糯米饭(七色),凉拌菠菜,True
1110,1215,麻辣小龙虾,凉拌菠菜,True
1111,1215,水煮鱼,辣炒鱿鱼,False
1112,1215,大理石奶油蛋糕,剁椒鱼头,False
1113,1215,凉拌菠菜,辣炒鱿鱼,False
1114,1215,皮蛋瘦肉粥,意文柠檬汁,True
1115,1215,蛋挞,凉拌菠菜,True
1116,1215,黑米恋上葡萄,凉拌菠菜,True
1117,1215,红酒土豆烧鸭腿,辣炒鱿鱼,False
1118,1215,蒜蓉生蚝,番茄炖牛腩,False
1119,1215,蒜香辣花甲,凉拌菠菜,True
1120,1215,培根花菜,五色糯米饭(七色),True
1121,1215,五香酱驴肉,木须豌豆,False
1122,1215,五彩藕苗,金玉良缘,False
1123,1215,番茄有机花菜,水煮鱼,True
1124,1215,糖醋蕃茄溜青花,五色糯米饭(七色),True
1125,1215,53度茅台,葱姜炒蟹,False
1126,1215,谷稻小庄,凉拌菠菜,True
1127,1255,香酥两吃大虾,凉拌菠菜,False
1128,1255,山药养生粥,凉拌菠菜,False
1129,1255,芝士烩波士顿龙虾,焖猪手,False
1130,1255,皮蛋瘦肉粥,意文柠檬汁,False
1131,1255,番茄有机花菜,水煮鱼,False
1132,1255,炝炒大白菜,凉拌菠菜,False
1133,1255,青炒扁豆,爆炒鸡翅,False
1134,1255,剁椒鱼头,凉拌菠菜,False
1135,1255,42度海之蓝,香酥两吃大虾,True
1136,1255,五色糯米饭(七色),凉拌菠菜,False
1137,1109,香烤牛排,西瓜胡萝卜沙拉,True
1138,1109,蒙古烤羊腿,凉拌菠菜,True
1139,1109,蒜香辣花甲,凉拌菠菜,True
1140,1109,水煮鱼,辣炒鱿鱼,True
1141,1109,酸辣藕丁,凉拌菠菜,True
1142,1109,芝士烩波士顿龙虾,焖猪手,True
1143,1109,美妙绝伦之白莲花,自制猪肉脯,False
1144,1109,凉拌菠菜,辣炒鱿鱼,True
1145,1109,黄花菜炒木耳,麻辣小龙虾,False
1146,1109,凉拌蒜蓉西兰花,五色糯米饭(七色),True
1147,1109,肉丁茄子,谷稻小庄,False
1148,1109,蛋挞,凉拌菠菜,True
1149,1109,53度茅台,葱姜炒蟹,True
1150,1109,爆炒鸡翅,凉拌菠菜,True
1151,1109,五色糯米饭(七色),凉拌菠菜,True
1152,1109,冰糖红豆薏米粥,辣炒鱿鱼,True
1153,1109,西瓜胡萝卜沙拉,五色糯米饭(七色),True
1154,1082,山药养生粥,凉拌菠菜,True
1155,1082,番茄炖牛腩,五色糯米饭(七色),True
1156,1082,大理石奶油蛋糕,剁椒鱼头,False
1157,1082,西瓜胡萝卜沙拉,五色糯米饭(七色),True
1158,1082,凉拌菠菜,辣炒鱿鱼,True
1159,1082,香酥两吃大虾,凉拌菠菜,True
1160,1082,美妙绝伦之白莲花,自制猪肉脯,True
1161,1082,自制猪肉脯,芹菜炒腰花,False
1162,1082,香菇鹌鹑蛋,香酥两吃大虾,True
1163,1082,凉拌蒜蓉西兰花,五色糯米饭(七色),True
1164,1082,53度茅台,葱姜炒蟹,False
1165,1354,山药养生粥,凉拌菠菜,False
1166,1354,芝士烩波士顿龙虾,焖猪手,False
1167,1354,西瓜胡萝卜沙拉,五色糯米饭(七色),False
1168,1354,小米南瓜粥,凉拌菠菜,False
1169,1354,冰糖红豆薏米粥,辣炒鱿鱼,False
1170,1354,露露无糖杏仁露,北冰洋汽水,False
1171,1354,农夫山泉NFC果汁100%橙汁,冰糖红豆薏米粥,True
1172,1354,孜然羊排,凉拌菠菜,False
1173,1354,蒙古烤羊腿,凉拌菠菜,False
1174,1354,避风塘炒蟹,五色糯米饭(七色),False
1175,1354,一品香酥藕,谷稻小庄,False
1176,1354,南瓜枸杞小饼干,麻辣小龙虾,False
1177,1354,紫薯面包卷,五色糯米饭(七色),False
1178,1354,干锅田鸡,爆炒猪肝,False
1179,1354,路易拉菲红酒干红,芝士烩波士顿龙虾,True
1180,1354,番茄甘蓝,谷稻小庄,False
1181,1354,芹菜炒腰花,自制猪肉脯,False
1182,1354,炝炒大白菜,凉拌菠菜,False
1183,1354,凉拌蒜蓉西兰花,五色糯米饭(七色),False
1184,1102,芝士烩波士顿龙虾,焖猪手,True
1185,1102,五香酱驴肉,木须豌豆,True
1186,1102,培根紫菜卷,麻辣小龙虾,True
1187,1102,法国波尔多AOC干红葡萄酒原,凉拌蒜蓉西兰花,False
1188,1102,芝麻烤紫菜,蛋挞,True
1189,1102,牛肉鸡蛋肠粉,土豆西红柿汤面,False
1190,1102,西瓜胡萝卜沙拉,五色糯米饭(七色),True
1191,1102,黄油曲奇饼干,水煮鱼,True
1192,1102,姜葱炒花蟹,谷稻小庄,True
1193,1102,凉拌菠菜,辣炒鱿鱼,True
1194,1102,蒙古烤羊腿,凉拌菠菜,True
1195,1102,孜然羊排,凉拌菠菜,True
1196,1102,美妙绝伦之白莲花,自制猪肉脯,True
1197,1102,路易拉菲红酒干红,芝士烩波士顿龙虾,True
1198,1102,香酥两吃大虾,凉拌菠菜,True
1199,1102,糖醋蕃茄溜青花,五色糯米饭(七色),True
1200,1138,芝士烩波士顿龙虾,焖猪手,True
1201,1138,芹菜炒腰花,自制猪肉脯,True
1202,1138,自制猪肉脯,芹菜炒腰花,True
1203,1138,牛尾汤,谷稻小庄,True
1204,1138,百里香奶油烤红酒牛肉,爆炒猪肝,True
1205,1138,避风塘炒蟹,五色糯米饭(七色),False
1206,1138,盘蟹蒸蛋,芝士烩波士顿龙虾,True
1207,1138,蒙古烤羊腿,凉拌菠菜,True
1208,1138,爆炒双丝,西瓜胡萝卜沙拉,False
1209,1138,凉拌萝卜丝,西瓜胡萝卜沙拉,False
1210,1138,长城窖酿解百纳红酒干红葡萄酒,番茄炖秋葵,False
1211,1138,不加一滴油的酸奶蛋糕,香菇鹌鹑蛋,True
1212,1138,凉拌菠菜,辣炒鱿鱼,False
1213,1138,山药养生粥,凉拌菠菜,True
1214,1138,葡萄奶酥(超酥香的饼干),五色糯米饭(七色),False
1215,1138,53度茅台,葱姜炒蟹,False
1216,1138,孜然羊排,凉拌菠菜,True
1217,1138,油焖麻辣虾,五色糯米饭(七色),False
1218,1138,香菇鹌鹑蛋,香酥两吃大虾,False
1219,1550,水煮鱼,辣炒鱿鱼,True
1220,1550,凉拌蒜蓉西兰花,五色糯米饭(七色),True
1221,1550,蛋挞,凉拌菠菜,True
1222,1550,农夫山泉NFC果汁100%橙汁,冰糖红豆薏米粥,True
1223,1550,露露无糖杏仁露,北冰洋汽水,False
1224,1247,独家薄荷鲜虾牛肉卷,谷稻小庄,False
1225,1247,西瓜胡萝卜沙拉,五色糯米饭(七色),False
1226,1247,青炒扁豆,爆炒鸡翅,False
1227,1247,剁椒鱼头,凉拌菠菜,False
1228,1124,麻辣小龙虾,凉拌菠菜,True
1229,1124,番茄炖牛腩,五色糯米饭(七色),True
1230,1124,培根花菜,五色糯米饭(七色),True
1231,1124,美妙绝伦之白莲花,自制猪肉脯,True
1232,1124,糖醋蕃茄溜青花,五色糯米饭(七色),True
1233,1124,五色糯米饭(七色),凉拌菠菜,True
1234,1124,长城窖酿解百纳红酒干红葡萄酒,番茄炖秋葵,False
1235,1011,油焖麻辣虾,五色糯米饭(七色),False
1236,1011,长城窖酿解百纳红酒干红葡萄酒,番茄炖秋葵,False
1237,1011,芹菜炒腰花,自制猪肉脯,False
1238,1011,谷稻小庄,凉拌菠菜,False
1239,1011,水煮鱼,辣炒鱿鱼,True
1240,1011,山药养生粥,凉拌菠菜,False
1241,1011,蓝带啤酒罐装,哈尔滨啤酒罐装,False
1242,1011,大蒜苋菜,美妙绝伦之白莲花,True
1243,1011,美妙绝伦之白莲花,自制猪肉脯,False
1244,1011,木须豌豆,五香酱驴肉,False
1245,1011,蒜香包,番茄炖牛腩,False
1246,1011,香菇鸡肉粥,拌土豆丝,False
1247,1011,孜然羊排,凉拌菠菜,False
1248,1011,辣炒鱿鱼,凉拌菠菜,False
1249,1011,香辣爆羊肝,五色糯米饭(七色),False
1250,1011,三丝鳝鱼,焖猪手,False
1251,1011,蒙古烤羊腿,凉拌菠菜,False
1252,1011,小米南瓜粥,凉拌菠菜,False
1253,1011,凉拌蒜蓉西兰花,五色糯米饭(七色),False
1254,1011,肉丁茄子,谷稻小庄,True
1255,1161,芝士烩波士顿龙虾,焖猪手,True
1256,1161,山药养生粥,凉拌菠菜,True
1257,1161,北冰洋汽水,爆炒双丝,False
1258,1161,凉拌菠菜,辣炒鱿鱼,False
1259,1161,孜然羊排,凉拌菠菜,True
1260,1161,清蒸蝶鱼,五色糯米饭(七色),True
1261,1161,五香酱驴肉,木须豌豆,False
1262,1161,焖猪手,凉拌菠菜,True
1263,1177,芝士烩波士顿龙虾,焖猪手,False
1264,1177,香烤牛排,西瓜胡萝卜沙拉,False
1265,1177,番茄炖牛腩,五色糯米饭(七色),True
1266,1177,麻辣小龙虾,凉拌菠菜,True
1267,1177,蒙古烤羊腿,凉拌菠菜,True
1268,1177,孜然羊排,凉拌菠菜,True
1269,1177,拌土豆丝,凉拌菠菜,True
1270,1177,凉拌菠菜,辣炒鱿鱼,False
1271,1177,清爽拌凉面,五色糯米饭(七色),True
1272,1177,芝麻烤紫菜,蛋挞,False
1273,1177,谷稻小庄,凉拌菠菜,True
1274,1177,广式虾仁肠粉,冰糖红豆薏米粥,False
1275,1177,豌豆薯仔猪骨汤,焖猪手,False
1276,1177,蓝带啤酒罐装,哈尔滨啤酒罐装,True
1277,1177,哈尔滨啤酒罐装,蓝带啤酒罐装,True
1278,1177,五色糯米饭(七色),凉拌菠菜,True
1279,1301,麻辣小龙虾,凉拌菠菜,False
1280,1301,辣炒花蛤,农夫山泉NFC果汁100%橙汁,False
1281,1301,培根紫菜卷,麻辣小龙虾,True
1282,1301,红酒土豆烧鸭腿,辣炒鱿鱼,False
1283,1301,豌豆薯仔猪骨汤,焖猪手,False
1284,1301,清蒸蝶鱼,五色糯米饭(七色),True
1285,1301,独家薄荷鲜虾牛肉卷,谷稻小庄,False
1286,1301,木须豌豆,五香酱驴肉,False
1287,1301,白斩鸡,谷稻小庄,False
1288,1301,五彩藕苗,金玉良缘,False
1289,1301,凉拌蒜蓉西兰花,五色糯米饭(七色),True
1290,1301,冬瓜炒苦瓜,黄花菜炒木耳,False
1291,1301,番茄有机花菜,水煮鱼,False
1292,1301,紫薯面包卷,五色糯米饭(七色),True
1293,1301,黄油曲奇饼干,水煮鱼,False
1294,1301,五色糯米饭(七色),凉拌菠菜,False
1295,1202,香酥两吃大虾,凉拌菠菜,False
1296,1202,麻辣小龙虾,凉拌菠菜,False
1297,1202,香菇鹌鹑蛋,香酥两吃大虾,True
1298,1202,党参黄芪炖牛尾,香酥两吃大虾,True
1299,1202,姜葱炒花蟹,谷稻小庄,False
1300,1401,芝士烩波士顿龙虾,焖猪手,False
1301,1401,辣炒鱿鱼,凉拌菠菜,True
1302,1401,葱姜炒蟹,芝士烩波士顿龙虾,True
1303,1401,麻辣小龙虾,凉拌菠菜,True
1304,1401,金玉良缘,谷稻小庄,True
1305,1401,香菇鹌鹑蛋,香酥两吃大虾,False
1306,1401,泡椒凤爪,谷稻小庄,True
1307,1401,谷稻小庄,凉拌菠菜,True
1308,1401,辣炒海带丝,黄花菜炒木耳,False
1309,1401,爆炒猪肝,凉拌菠菜,True
1310,1401,芹菜炒腰花,自制猪肉脯,True
1311,1401,蒜香辣花甲,凉拌菠菜,True
1312,1401,凉拌菠菜,辣炒鱿鱼,True
1313,1401,自制猪肉脯,芹菜炒腰花,True
1314,1401,蛋挞,凉拌菠菜,True
1315,1401,水煮鱼,辣炒鱿鱼,True
1316,1401,白胡椒胡萝卜羊肉汤,凉拌菠菜,True
1317,1401,美妙绝伦之白莲花,自制猪肉脯,True
1318,1401,孜然羊排,凉拌菠菜,True
1319,1018,芝士烩波士顿龙虾,焖猪手,False
1320,1018,蒙古烤羊腿,凉拌菠菜,False
1321,1018,油焖麻辣虾,五色糯米饭(七色),True
1322,1018,五香酱驴肉,木须豌豆,False
1323,1018,法国波尔多AOC干红葡萄酒原,凉拌蒜蓉西兰花,False
1324,1018,芝麻烤紫菜,蛋挞,False
1325,1018,西瓜胡萝卜沙拉,五色糯米饭(七色),True
1326,1018,五色糯米饭(七色),凉拌菠菜,False
1327,1018,避风塘炒蟹,五色糯米饭(七色),True
1328,1018,香烤牛排,西瓜胡萝卜沙拉,True
1329,1018,孜然羊排,凉拌菠菜,False
1330,1018,美妙绝伦之白莲花,自制猪肉脯,False
1331,1018,辣炒鱿鱼,凉拌菠菜,False
1332,1018,冰糖红豆薏米粥,辣炒鱿鱼,True
1333,1130,香酥两吃大虾,凉拌菠菜,True
1334,1130,西瓜胡萝卜沙拉,五色糯米饭(七色),True
1335,1130,凉拌菠菜,辣炒鱿鱼,True
1336,1130,蛋挞,凉拌菠菜,True
1337,1130,五色糯米饭(七色),凉拌菠菜,True
1338,1130,青岛啤酒罐装,辣炒花蛤,True
1339,1077,剁椒鱼头,凉拌菠菜,True
1340,1077,辣炒花蛤,农夫山泉NFC果汁100%橙汁,False
1341,1077,清蒸蝶鱼,五色糯米饭(七色),False
1342,1077,蒜蓉生蚝,番茄炖牛腩,False
1343,1077,杭椒鸡珍,水煮鱼,True
1344,1077,红酒土豆烧鸭腿,辣炒鱿鱼,True
1345,1077,五香酱驴肉,木须豌豆,False
1346,1077,番茄有机花菜,水煮鱼,True
1347,1077,北冰洋汽水,爆炒双丝,True
1348,1104,姜葱炒花蟹,谷稻小庄,True
1349,1104,芝士烩波士顿龙虾,焖猪手,False
1350,1104,蒙古烤羊腿,凉拌菠菜,False
1351,1104,西瓜胡萝卜沙拉,五色糯米饭(七色),True
1352,1104,香辣爆羊肝,五色糯米饭(七色),True
1353,1104,美妙绝伦之白莲花,自制猪肉脯,False
1354,1104,谷稻小庄,凉拌菠菜,False
1355,1104,纸杯蛋糕,西瓜胡萝卜沙拉,True
1356,1104,蒜香包,番茄炖牛腩,False
1357,1104,北冰洋汽水,爆炒双丝,False
1358,1104,冰糖红豆薏米粥,辣炒鱿鱼,False
1359,1104,酸辣汤面,清蒸海鱼,False
1360,1104,盘蟹蒸蛋,芝士烩波士顿龙虾,True
1361,1104,避风塘炒蟹,五色糯米饭(七色),True
1362,1104,孜然羊排,凉拌菠菜,False
1363,1104,杭椒鸡珍,水煮鱼,False
1364,1104,培根花菜,五色糯米饭(七色),True
1365,1077,清蒸海鱼,谷稻小庄,False
1366,1077,辣炒鱿鱼,凉拌菠菜,True
1367,1077,蒜蓉生蚝,番茄炖牛腩,False
1368,1077,番茄甘蓝,谷稻小庄,False
1369,1077,白斩鸡,谷稻小庄,False
1370,1077,爆炒双丝,西瓜胡萝卜沙拉,True
1371,1077,五彩藕苗,金玉良缘,False
1372,1077,西瓜胡萝卜沙拉,五色糯米饭(七色),False
1373,1077,意文柠檬汁,水煮鱼,True
1374,1077,一品香酥藕,谷稻小庄,False
1375,1077,清爽拌凉面,五色糯米饭(七色),False
1376,1077,鱼香肉丝拌面,紫薯面包卷,False
1377,1077,皮蛋瘦肉粥,意文柠檬汁,True
1378,1158,香烤牛排,西瓜胡萝卜沙拉,False
1379,1158,党参黄芪炖牛尾,香酥两吃大虾,False
1380,1158,小炒羊腰,谷稻小庄,False
1381,1158,芹菜炒腰花,自制猪肉脯,True
1382,1158,南瓜芝士包,鱼香肉丝拌面,False
1383,1158,香菇鸡肉粥,拌土豆丝,False
1384,1158,大蒜苋菜,美妙绝伦之白莲花,False
1385,1446,香酥两吃大虾,凉拌菠菜,False
1386,1446,芝士烩波士顿龙虾,焖猪手,False
1387,1446,凉拌海带豆芽紫菜,青炒扁豆,False
1388,1446,爆炒鸡翅,凉拌菠菜,False
1389,1446,培根紫菜卷,麻辣小龙虾,False
1390,1446,油焖麻辣虾,五色糯米饭(七色),False
1391,1446,白斩鸡,谷稻小庄,False
1392,1446,凉拌蒜蓉西兰花,五色糯米饭(七色),False
1393,1446,炝炒大白菜,凉拌菠菜,False
1394,1446,黄花菜炒木耳,麻辣小龙虾,False
1395,1446,法国波尔多AOC干红葡萄酒原,凉拌蒜蓉西兰花,True
1396,1153,芝士烩波士顿龙虾,焖猪手,False
1397,1153,香辣腐乳炒虾,五色糯米饭(七色),True
1398,1153,孜然羊排,凉拌菠菜,True
1399,1153,拌土豆丝,凉拌菠菜,True
1400,1447,清蒸蝶鱼,五色糯米饭(七色),False
1401,1447,香酥两吃大虾,凉拌菠菜,True
1402,1447,焖猪手,凉拌菠菜,True
1403,1447,白胡椒胡萝卜羊肉汤,凉拌菠菜,True
1404,1447,凉拌菠菜,辣炒鱿鱼,False
1405,1447,美妙绝伦之白莲花,自制猪肉脯,False
1406,1447,纸杯蛋糕,西瓜胡萝卜沙拉,False
1407,1447,葡萄奶酥(超酥香的饼干),五色糯米饭(七色),False
1408,1447,香菇鹌鹑蛋,香酥两吃大虾,True
1409,1447,孜然羊排,凉拌菠菜,True
1410,1447,避风塘炒蟹,五色糯米饭(七色),False
1411,1163,水煮鱼,辣炒鱿鱼,True
1412,1163,爆炒鸡翅,凉拌菠菜,True
1413,1163,玉竹南北杏鸭腿汤,蒜香辣花甲,False
1414,1163,蒜香包,番茄炖牛腩,False
1415,1163,黄尾袋鼠西拉子红葡萄酒,蒜香辣花甲,False
1416,1163,大蒜苋菜,美妙绝伦之白莲花,True
1417,1163,木须豌豆,五香酱驴肉,False
1418,1163,清爽拌凉面,五色糯米饭(七色),False
1419,1163,桂圆肉红豆八宝饭,芝士烩波士顿龙虾,True
1420,1163,爆炒鳝碌,番茄炖牛腩,False
1421,1163,培根紫菜卷,麻辣小龙虾,True
1422,1146,剁椒鱼头,凉拌菠菜,True
1423,1146,蒜香辣花甲,凉拌菠菜,True
1424,1146,芹菜炒腰花,自制猪肉脯,False
1425,1146,啤酒鸭,香酥两吃大虾,False
1426,1146,番茄蛋汤,五色糯米饭(七色),True
1427,1146,五香酱驴肉,木须豌豆,False
1428,1146,五色糯米饭(七色),凉拌菠菜,True
1429,1128,水煮鱼,辣炒鱿鱼,True
1430,1128,番茄甘蓝,谷稻小庄,True
1431,1128,凉拌萝卜丝,西瓜胡萝卜沙拉,False
1432,1128,意文柠檬汁,水煮鱼,True
1433,1414,辣炒鱿鱼,凉拌菠菜,False
1434,1414,白胡椒胡萝卜羊肉汤,凉拌菠菜,False
1435,1414,香烤牛排,西瓜胡萝卜沙拉,False
1436,1414,啤酒鸭,香酥两吃大虾,False
1437,1414,五香酱驴肉,木须豌豆,False
1438,1414,炝炒大白菜,凉拌菠菜,False
1439,1414,大蒜苋菜,美妙绝伦之白莲花,True
1440,1414,美妙绝伦之白莲花,自制猪肉脯,False
1441,1414,凉拌蒜蓉西兰花,五色糯米饭(七色),False
1442,1414,拌土豆丝,凉拌菠菜,False
1443,1414,清炒菊花菜,五色糯米饭(七色),False
1444,1414,农夫山泉NFC果汁100%橙汁,冰糖红豆薏米粥,False
1445,1414,番茄甘蓝,谷稻小庄,False
1446,1414,爆炒双丝,西瓜胡萝卜沙拉,False
1447,1414,肉丁茄子,谷稻小庄,False
1448,1414,青炒扁豆,爆炒鸡翅,False
1449,1097,辣炒花蛤,农夫山泉NFC果汁100%橙汁,False
1450,1097,凉拌蒜蓉西兰花,五色糯米饭(七色),False
1451,1097,糖醋蕃茄溜青花,五色糯米饭(七色),False
1452,1097,爆炒鸡翅,凉拌菠菜,True
1453,1097,蛋挞,凉拌菠菜,True
1454,1097,清爽拌凉面,五色糯米饭(七色),False
1455,1130,芝士烩波士顿龙虾,焖猪手,True
1456,1130,香辣腐乳炒虾,五色糯米饭(七色),True
1457,1130,爆炒双丝,西瓜胡萝卜沙拉,True
1458,1130,百威啤酒罐装,哈尔滨啤酒罐装,False
1459,1130,西瓜胡萝卜沙拉,五色糯米饭(七色),True
1460,1489,香酥两吃大虾,凉拌菠菜,False
1461,1489,番茄炖牛腩,五色糯米饭(七色),False
1462,1489,麻辣小龙虾,凉拌菠菜,False
1463,1489,焖猪手,凉拌菠菜,False
1464,1489,豌豆薯仔猪骨汤,焖猪手,True
1465,1489,培根花菜,五色糯米饭(七色),False
1466,1489,芹菜炒腰花,自制猪肉脯,False
1467,1489,番茄有机花菜,水煮鱼,False
1468,1489,黄花菜炒木耳,麻辣小龙虾,True
1469,1489,木须豌豆,五香酱驴肉,False
1470,1489,青岛啤酒罐装,辣炒花蛤,False
1471,1489,长城窖酿解百纳红酒干红葡萄酒,番茄炖秋葵,False
1472,1489,清炒菊花菜,五色糯米饭(七色),False
1473,1489,蒜香包,番茄炖牛腩,True
1474,1489,一品香酥藕,谷稻小庄,False
1475,1489,老式面包,干锅田鸡,False
1476,1489,南瓜芝士包,鱼香肉丝拌面,True
1477,1489,小米南瓜粥,凉拌菠菜,False
1478,1489,鱼香肉丝拌面,紫薯面包卷,False
1479,1489,清爽拌凉面,五色糯米饭(七色),False
1480,1489,土豆西红柿汤面,蓝带啤酒罐装,False
1481,1128,蒜蓉生蚝,番茄炖牛腩,False
1482,1128,焖猪手,凉拌菠菜,True
1483,1128,炝炒大白菜,凉拌菠菜,True
1484,1128,谷稻小庄,凉拌菠菜,True
1485,1128,蛋挞,凉拌菠菜,True
1486,1234,白胡椒胡萝卜羊肉汤,凉拌菠菜,False
1487,1234,白斩鸡,谷稻小庄,False
1488,1234,蒜香辣花甲,凉拌菠菜,False
1489,1234,麻辣小龙虾,凉拌菠菜,False
1490,1234,姜葱炒花蟹,谷稻小庄,False
1491,1234,清蒸蝶鱼,五色糯米饭(七色),False
1492,1081,海带结豆腐汤,紫薯面包卷,False
1493,1081,清炒菊花菜,五色糯米饭(七色),False
1494,1081,番茄炖牛腩,五色糯米饭(七色),False
1495,1081,杭椒鸡珍,水煮鱼,False
1496,1081,麻辣小龙虾,凉拌菠菜,False
1497,1081,青炒扁豆,爆炒鸡翅,False
1498,1081,路易拉菲红酒干红,芝士烩波士顿龙虾,False
1499,1081,南瓜芝士包,鱼香肉丝拌面,False
1500,1081,黑米恋上葡萄,凉拌菠菜,False
1501,1081,桂圆肉红豆八宝饭,芝士烩波士顿龙虾,False
1502,1081,快炒黄鳝,蛋挞,False
1503,1081,培根紫菜卷,麻辣小龙虾,True
1504,1081,意文柠檬汁,水煮鱼,False
1505,1081,一品香酥藕,谷稻小庄,False
1506,1161,麻辣小龙虾,凉拌菠菜,True
1507,1161,孜然羊排,凉拌菠菜,True
1508,1161,酸辣藕丁,凉拌菠菜,True
1509,1161,番茄甘蓝,谷稻小庄,False
1510,1161,五色糯米饭(七色),凉拌菠菜,True
1511,1529,姜葱炒花蟹,谷稻小庄,False
1512,1529,油焖麻辣虾,五色糯米饭(七色),False
1513,1529,香酥两吃大虾,凉拌菠菜,True
1514,1529,辣炒鱿鱼,凉拌菠菜,True
1515,1529,蒙古烤羊腿,凉拌菠菜,True
1516,1529,照烧鸡腿,谷稻小庄,False
1517,1529,大蒜苋菜,美妙绝伦之白莲花,False
1518,1529,焖猪手,凉拌菠菜,True
1519,1529,小炒羊腰,谷稻小庄,False
1520,1529,凉拌菠菜,辣炒鱿鱼,True
1521,1529,培根花菜,五色糯米饭(七色),False
1522,1529,葱油凉拌藕片,五色糯米饭(七色),False
1523,1529,法国波尔多AOC干红葡萄酒原,凉拌蒜蓉西兰花,False
1524,1529,黄尾袋鼠西拉子红葡萄酒,蒜香辣花甲,False
1525,1529,老式面包,干锅田鸡,False
1526,1529,南瓜枸杞小饼干,麻辣小龙虾,False
1527,1529,冰糖红豆薏米粥,辣炒鱿鱼,True
1528,1529,紫薯面包卷,五色糯米饭(七色),False
1529,1529,清爽拌凉面,五色糯米饭(七色),False
1530,1153,香酥两吃大虾,凉拌菠菜,True
1531,1153,辣炒鱿鱼,凉拌菠菜,True
1532,1153,爆炒猪肝,凉拌菠菜,True
1533,1153,照烧鸡腿,谷稻小庄,True
1534,1153,芹菜炒腰花,自制猪肉脯,True
1535,1153,炝炒大白菜,凉拌菠菜,True
1536,1153,凉拌菠菜,辣炒鱿鱼,True
1537,1153,清炒菊花菜,五色糯米饭(七色),True
1538,1153,谷稻小庄,凉拌菠菜,True
1539,1153,青炒扁豆,爆炒鸡翅,True
1540,1153,南瓜枸杞小饼干,麻辣小龙虾,False
1541,1153,南瓜芝士包,鱼香肉丝拌面,False
1542,1153,牛奶卷,爆炒双丝,True
1543,1153,小米南瓜粥,凉拌菠菜,True
1544,1135,蒜香辣花甲,凉拌菠菜,False
1545,1135,避风塘炒蟹,五色糯米饭(七色),True
1546,1135,白胡椒胡萝卜羊肉汤,凉拌菠菜,False
1547,1135,蒜蓉生蚝,番茄炖牛腩,False
1548,1135,照烧鸡腿,谷稻小庄,False
1549,1135,酸辣藕丁,凉拌菠菜,False
1550,1135,五彩藕苗,金玉良缘,False
1551,1135,蓝带啤酒罐装,哈尔滨啤酒罐装,False
1552,1135,炝炒大白菜,凉拌菠菜,False
1553,1135,南瓜枸杞小饼干,麻辣小龙虾,False
1554,1135,特醇嘉士伯啤酒罐装,青岛啤酒罐装,False
1555,1135,冰糖红豆薏米粥,辣炒鱿鱼,False
1556,1135,蒜香包,番茄炖牛腩,False
1557,1135,小米南瓜粥,凉拌菠菜,False
1558,1135,山药养生粥,凉拌菠菜,False
1559,1135,油焖麻辣虾,五色糯米饭(七色),True
1560,1135,老式面包,干锅田鸡,False
1561,1135,牛尾汤,谷稻小庄,False
1562,1135,西瓜胡萝卜沙拉,五色糯米饭(七色),True
1563,1135,爆炒双丝,西瓜胡萝卜沙拉,True
1564,1135,紫薯面包卷,五色糯米饭(七色),True
1565,1135,38度剑南春,爆炒双丝,True
1566,1124,芝士烩波士顿龙虾,焖猪手,True
1567,1124,香酥两吃大虾,凉拌菠菜,True
1568,1124,倒立蒸梭子蟹,芝士烩波士顿龙虾,True
1569,1124,辣炒海带丝,黄花菜炒木耳,False
1570,1124,清蒸蝶鱼,五色糯米饭(七色),True
1571,1124,杭椒鸡珍,水煮鱼,False
1572,1124,啤酒鸭,香酥两吃大虾,True
1573,1124,番茄蛋汤,五色糯米饭(七色),True
1574,1124,培根花菜,五色糯米饭(七色),True
1575,1124,西瓜胡萝卜沙拉,五色糯米饭(七色),True
1576,1124,凉拌萝卜丝,西瓜胡萝卜沙拉,True
1577,1124,路易拉菲红酒干红,芝士烩波士顿龙虾,True
1578,1124,核桃葡萄干土司,番茄甘蓝,False
1579,1124,黄油曲奇饼干,水煮鱼,False
1580,1124,蛋挞,凉拌菠菜,True
1581,1124,葡萄奶酥(超酥香的饼干),五色糯米饭(七色),True
1582,1124,纸杯蛋糕,西瓜胡萝卜沙拉,True
1583,1433,麻辣小龙虾,凉拌菠菜,False
1584,1433,香辣爆羊肝,五色糯米饭(七色),True
1585,1433,桂圆枸杞鸽子汤,凉拌菠菜,False
1586,1433,番茄炖牛腩,五色糯米饭(七色),True
1587,1433,拌土豆丝,凉拌菠菜,False
1588,1433,糖醋蕃茄溜青花,五色糯米饭(七色),True
1589,1433,哈尔滨啤酒罐装,蓝带啤酒罐装,False
1590,1433,一品香酥藕,谷稻小庄,False
1591,1433,南瓜芝士包,鱼香肉丝拌面,False
1592,1433,黑米恋上葡萄,凉拌菠菜,False
1593,1433,牛肉鸡蛋肠粉,土豆西红柿汤面,False
1594,1433,五色糯米饭(七色),凉拌菠菜,False
1595,1550,麻辣小龙虾,凉拌菠菜,True
1596,1550,培根花菜,五色糯米饭(七色),True
1597,1550,意文柠檬汁,水煮鱼,True
1598,1417,香辣腐乳炒虾,五色糯米饭(七色),False
1599,1417,姜葱炒花蟹,谷稻小庄,False
1600,1417,剁椒鱼头,凉拌菠菜,False
1601,1417,爆炒猪肝,凉拌菠菜,False
1602,1417,爆炒鸡翅,凉拌菠菜,False
1603,1417,爆炒双丝,西瓜胡萝卜沙拉,False
1604,1417,拌土豆丝,凉拌菠菜,False
1605,1417,番茄炖秋葵,白斩鸡,False
1606,1417,山药养生粥,凉拌菠菜,False
1607,1417,张裕葡萄酒张裕赤霞珠干红,麻辣小龙虾,False
1608,1128,爆炒双丝,西瓜胡萝卜沙拉,False
1609,1128,黄花菜炒木耳,麻辣小龙虾,False
1610,1128,农夫山泉NFC果汁100%橙汁,冰糖红豆薏米粥,True
1611,1153,芝士烩波士顿龙虾,焖猪手,False
1612,1153,清蒸海鱼,谷稻小庄,True
1613,1153,剁椒鱼头,凉拌菠菜,True
1614,1153,辣炒田螺,金玉良缘,False
1615,1153,自制猪肉脯,芹菜炒腰花,True
1616,1153,番茄蛋汤,五色糯米饭(七色),True
1617,1153,爆炒鸡翅,凉拌菠菜,True
1618,1153,独家薄荷鲜虾牛肉卷,谷稻小庄,True
1619,1153,黄花菜炒木耳,麻辣小龙虾,False
1620,1153,牛尾汤,谷稻小庄,True
1621,1153,木须豌豆,五香酱驴肉,False
1622,1153,桂圆肉红豆八宝饭,芝士烩波士顿龙虾,True
1623,1188,香辣腐乳炒虾,五色糯米饭(七色),False
1624,1188,牛尾汤,谷稻小庄,False
1625,1188,芝麻烤紫菜,蛋挞,False
1626,1188,蒙古烤羊腿,凉拌菠菜,False
1627,1188,爆炒双丝,西瓜胡萝卜沙拉,False
1628,1188,不加一滴油的酸奶蛋糕,香菇鹌鹑蛋,False
1629,1188,宝宝版牛肉肠粉,葱油凉拌藕片,False
1630,1130,辣炒田螺,金玉良缘,True
1631,1130,剁椒鱼头,凉拌菠菜,True
1632,1130,焖猪手,凉拌菠菜,True
1633,1130,照烧鸡腿,谷稻小庄,True
1634,1130,木须豌豆,五香酱驴肉,False
1635,1130,美妙绝伦之白莲花,自制猪肉脯,False
1636,1130,凉拌菠菜,辣炒鱿鱼,True
1637,1130,清炒菊花菜,五色糯米饭(七色),True
1638,1130,番茄有机花菜,水煮鱼,False
1639,1158,麻辣小龙虾,凉拌菠菜,True
1640,1158,白胡椒胡萝卜羊肉汤,凉拌菠菜,True
1641,1158,蒙古烤羊腿,凉拌菠菜,True
1642,1388,油焖麻辣虾,五色糯米饭(七色),False
1643,1388,香烤牛排,西瓜胡萝卜沙拉,False
1644,1388,爆炒鸡翅,凉拌菠菜,True
1645,1388,凉拌菠菜,辣炒鱿鱼,False
1646,1388,番茄有机花菜,水煮鱼,False
1647,1558,麻辣小龙虾,凉拌菠菜,False
1648,1558,剁椒鱼头,凉拌菠菜,False
1649,1558,独家薄荷鲜虾牛肉卷,谷稻小庄,False
1650,1558,番茄炖牛腩,五色糯米饭(七色),True
1651,1558,番茄蛋汤,五色糯米饭(七色),True
1652,1558,凉拌蒜蓉西兰花,五色糯米饭(七色),True
1653,1558,五彩豆,五色糯米饭(七色),True
1654,1558,路易拉菲红酒干红,芝士烩波士顿龙虾,False
1655,1558,肉丁茄子,谷稻小庄,False
1656,1558,葡萄奶酥(超酥香的饼干),五色糯米饭(七色),True
1657,1558,一品香酥藕,谷稻小庄,False
1658,1558,五色糯米饭(七色),凉拌菠菜,False
1659,1558,桂圆肉红豆八宝饭,芝士烩波士顿龙虾,False
1660,1558,培根紫菜卷,麻辣小龙虾,True
1661,1558,辣炒海带丝,黄花菜炒木耳,False
1662,1130,油焖麻辣虾,五色糯米饭(七色),True
1663,1130,清蒸海鱼,谷稻小庄,True
1664,1130,辣炒鱿鱼,凉拌菠菜,True
1665,1130,蒜蓉生蚝,番茄炖牛腩,True
1666,1130,辣炒花蛤,农夫山泉NFC果汁100%橙汁,True
1667,1130,海带结豆腐汤,紫薯面包卷,False
1668,1130,辣炒海带丝,黄花菜炒木耳,False
1669,1130,培根紫菜卷,麻辣小龙虾,True
1670,1130,爆炒鸡翅,凉拌菠菜,True
1671,1130,孜然羊排,凉拌菠菜,True
1672,1130,啤酒鸭,香酥两吃大虾,True
1673,1130,番茄炖牛腩,五色糯米饭(七色),True
1674,1130,番茄甘蓝,谷稻小庄,True
1675,1130,西瓜胡萝卜沙拉,五色糯米饭(七色),True
1676,1130,五彩藕苗,金玉良缘,True
1677,1130,炝炒大白菜,凉拌菠菜,True
1678,1130,番茄炖秋葵,白斩鸡,False
1679,1130,谷稻小庄,凉拌菠菜,True
1680,1130,农夫山泉NFC果汁100%橙汁,冰糖红豆薏米粥,True
1681,1130,意文柠檬汁,水煮鱼,False
1682,1130,北冰洋汽水,爆炒双丝,True
1683,1130,葡萄奶酥(超酥香的饼干),五色糯米饭(七色),True
1684,1130,冰糖红豆薏米粥,辣炒鱿鱼,True
1685,1130,蛋挞,凉拌菠菜,True
1686,1130,大理石奶油蛋糕,剁椒鱼头,True
1687,1130,小米南瓜粥,凉拌菠菜,True
1688,1130,五色糯米饭(七色),凉拌菠菜,True
1689,1130,桂圆肉红豆八宝饭,芝士烩波士顿龙虾,True
1690,1128,芝士烩波士顿龙虾,焖猪手,True
1691,1128,香酥两吃大虾,凉拌菠菜,True
1692,1128,清蒸蝶鱼,五色糯米饭(七色),True
1693,1128,清蒸海鱼,谷稻小庄,True
1694,1128,蒜蓉生蚝,番茄炖牛腩,False
1695,1128,白胡椒胡萝卜羊肉汤,凉拌菠菜,True
1696,1128,独家薄荷鲜虾牛肉卷,谷稻小庄,True
1697,1128,爆炒猪肝,凉拌菠菜,True
1698,1128,清炒菊花菜,五色糯米饭(七色),True
1699,1128,爆炒鸡翅,凉拌菠菜,True
1700,1128,黄花菜炒木耳,麻辣小龙虾,False
1701,1128,糖醋蕃茄溜青花,五色糯米饭(七色),True
1702,1128,五彩豆,五色糯米饭(七色),True
1703,1128,番茄有机花菜,水煮鱼,True
1704,1128,路易拉菲红酒干红,芝士烩波士顿龙虾,True
1705,1128,谷稻小庄,凉拌菠菜,True
1706,1128,冰糖红豆薏米粥,辣炒鱿鱼,True
1707,1082,香辣爆羊肝,五色糯米饭(七色),True
1708,1082,清蒸海鱼,谷稻小庄,True
1709,1082,芝士烩波士顿龙虾,焖猪手,False
1710,1082,白斩鸡,谷稻小庄,True
1711,1082,番茄炖牛腩,五色糯米饭(七色),True
1712,1082,凉拌蒜蓉西兰花,五色糯米饭(七色),True
1713,1082,凉拌菠菜,辣炒鱿鱼,True
1714,1082,培根花菜,五色糯米饭(七色),True
1715,1082,青岛啤酒罐装,辣炒花蛤,False
1716,1082,谷稻小庄,凉拌菠菜,True
1717,1082,清炒菊花菜,五色糯米饭(七色),True
1718,1082,老式面包,干锅田鸡,False
1719,1082,一品香酥藕,谷稻小庄,True
1720,1082,小米南瓜粥,凉拌菠菜,True
1721,1130,香辣腐乳炒虾,五色糯米饭(七色),True
1722,1130,盘蟹蒸蛋,芝士烩波士顿龙虾,True
1723,1130,清蒸蝶鱼,五色糯米饭(七色),True
1724,1130,党参黄芪炖牛尾,香酥两吃大虾,True
1725,1130,牛尾汤,谷稻小庄,True
1726,1130,爆炒双丝,西瓜胡萝卜沙拉,True
1727,1130,独家薄荷鲜虾牛肉卷,谷稻小庄,True
1728,1130,拌土豆丝,凉拌菠菜,True
1729,1130,西瓜胡萝卜沙拉,五色糯米饭(七色),True
1730,1130,38度剑南春,爆炒双丝,True
1731,1130,凉拌萝卜丝,西瓜胡萝卜沙拉,True
1732,1130,五色糯米饭(七色),凉拌菠菜,True
1733,1153,芝士烩波士顿龙虾,焖猪手,False
1734,1153,倒立蒸梭子蟹,芝士烩波士顿龙虾,True
1735,1153,清蒸海鱼,谷稻小庄,True
1736,1153,蒜蓉生蚝,番茄炖牛腩,True
1737,1153,快炒黄鳝,蛋挞,True
1738,1153,培根紫菜卷,麻辣小龙虾,False
1739,1153,番茄炖牛腩,五色糯米饭(七色),True
1740,1153,孜然羊排,凉拌菠菜,True
1741,1153,爆炒猪肝,凉拌菠菜,True
1742,1153,白斩鸡,谷稻小庄,True
1743,1153,红酒土豆烧鸭腿,辣炒鱿鱼,True
1744,1153,爆炒双丝,西瓜胡萝卜沙拉,False
1745,1153,葱油凉拌藕片,五色糯米饭(七色),True
1746,1153,大蒜苋菜,美妙绝伦之白莲花,True
1747,1153,长城窖酿解百纳红酒干红葡萄酒,番茄炖秋葵,False
1748,1153,53度茅台,葱姜炒蟹,False
1749,1153,五色糯米饭(七色),凉拌菠菜,True
1750,1153,桂圆肉红豆八宝饭,芝士烩波士顿龙虾,True
